0,1:22,2:2000,3:2000,4:2000,6:1518,7:-68,8:6,9:0.969978271279,11:0.00952333888889,12:0.000396,13:0.009735,14:13,15:20,16:-101,17:-14,18:9,19:-10,20:171.875,21:34.546,22:145.486,23:37.523,24:534,25:5.76014399101,26:0.02,27:0.00151135897436,29:0.005005,30:185344,31:0.691273533959,32:1.12290807959,33:60.608,34:23.072,35:1.6164988087,36:2.01027024436,37:351.24,38:126.303
0,1:22,2:2000,3:2000,4:2000,6:1518,7:-68,8:6,9:0.969978271279,11:0.00952333888889,12:0.000396,13:0.009735,14:13,15:20,16:-101,17:-14,18:9,19:-10,20:171.875,21:34.546,22:145.486,23:37.523,24:534,25:5.76014399101,26:0.02,27:0.00151135897436,29:0.005005,30:186368,31:0.691273533959,32:1.12014725924,33:60.608,34:23.072,35:1.6164988087,36:2.03941618993,37:351.24,38:126.303
0,1:22,2:2000,3:2000,4:2000,6:1518,7:-68,8:6,9:0.969978271279,11:0.00952333888889,12:0.000396,13:0.009735,14:13,15:20,16:-101,17:-14,18:9,19:-10,20:171.875,21:34.546,22:145.486,23:37.523,24:534,25:5.76014399101,26:0.02,27:0.00151135897436,29:0.005005,30:187392,31:0.691273533959,32:1.12351411769,33:60.608,34:23.072,35:1.6164988087,36:2.03941618993,37:351.24,38:126.303
0,1:22,2:2000,3:2000,4:2000,6:1518,7:-68,8:6,9:0.969978271279,11:0.00952333888889,12:0.000396,13:0.009735,14:13,15:20,16:-101,17:-14,18:9,19:-10,20:171.875,21:34.546,22:145.486,23:37.523,24:534,25:5.76014399101,26:0.02,27:0.00151135897436,29:0.005005,30:183296,31:0.691273533959,32:1.15590985376,33:60.608,34:23.072,35:1.61062595339,36:2.01027024436,37:351.24,38:126.303
1,1:26,2:2000,3:2000,4:2000,6:214,7:-55,8:26,9:1.84287595989,11:0.00461077222222,12:0.001269,13:0.010775,14:13,15:20,16:-101,17:-14,18:9,19:-10,20:182.739,21:34.271,22:144.082,23:38.055,24:307,25:0.000291709495618,27:0.00265235555556,28:0.001907,29:0.005539,30:92160,31:2.77747304088,32:0.342096010211,33:45.655,34:7.843,35:1.25166069324,36:0.900988336382,37:149.64,38:140.217
1,1:26,2:2000,3:2000,4:2000,6:214,7:-55,8:26,9:1.84287595989,11:0.00461077222222,12:0.001269,13:0.010775,14:13,15:20,16:-101,17:-14,18:9,19:-10,20:182.739,21:34.271,22:144.082,23:38.055,24:307,25:0.000291709495618,27:0.00265235555556,28:0.001907,29:0.005539,30:87040,31:2.71009996519,32:0.337809873761,33:45.655,34:7.843,35:1.23583413731,36:0.83422865667,37:149.64,38:140.217
1,1:26,2:2000,3:2000,4:2000,6:214,7:-55,8:26,9:1.84287595989,11:0.00461077222222,12:0.001269,13:0.010775,14:13,15:20,16:-101,17:-14,18:9,19:-10,20:182.739,21:34.271,22:144.082,23:38.055,24:307,25:0.000291709495618,27:0.00265235555556,28:0.001907,29:0.005539,30:88064,31:2.71895695245,32:0.337809873761,33:45.655,34:7.843,35:1.23583413731,36:0.900988336382,37:149.64,38:140.217
0,1:22,2:2000,3:2000,4:2000,6:1518,7:-68,8:6,9:0.969978271279,11:0.00952333888889,12:0.000396,13:0.009735,14:13,15:20,16:-101,17:-14,18:9,19:-10,20:171.875,21:34.546,22:145.486,23:37.523,24:534,25:5.76014399101,26:0.02,27:0.00151135897436,29:0.005005,30:184320,31:0.691273533959,32:1.15590985376,33:60.608,34:23.072,35:1.61062595339,36:2.01027024436,37:351.24,38:126.303
0,1:22,2:2000,3:2000,4:2000,6:1518,7:-68,8:6,9:0.969978271279,11:0.00952333888889,12:0.000396,13:0.009735,14:13,15:20,16:-101,17:-14,18:9,19:-10,20:171.875,21:34.546,22:145.486,23:37.523,24:534,25:5.76014399101,26:0.02,27:0.00151135897436,29:0.005005,30:180224,31:0.691273533959,32:1.13196205415,33:60.608,34:23.072,35:1.58718247707,36:1.95197835322,37:351.24,38:126.303
1,1:26,2:2000,3:2000,4:2000,6:214,7:-55,8:26,9:1.84287595989,11:0.00461077222222,12:0.001269,13:0.010775,14:13,15:20,16:-101,17:-14,18:9,19:-10,20:182.739,21:34.271,22:144.082,23:38.055,24:307,25:0.000291709495618,27:0.00265235555556,28:0.001907,29:0.005539,30:100352,31:2.8276663478,32:0.348837159131,33:45.655,34:7.843,35:1.31732430183,36:0.952037753875,37:149.64,38:140.217
0,1:22,2:2000,3:2000,4:2000,6:1518,7:-68,8:6,9:0.969978271279,11:0.00952333888889,12:0.000396,13:0.009735,14:13,15:20,16:-101,17:-14,18:9,19:-10,20:171.875,21:34.546,22:145.486,23:37.523,24:534,25:5.76014399101,26:0.02,27:0.00151135897436,29:0.005005,30:182272,31:0.691273533959,32:1.1489535898,33:60.608,34:23.072,35:1.58718247707,36:1.98112429879,37:351.24,38:126.303
0,1:22,2:2000,3:2000,4:2000,6:1518,7:-68,8:6,9:0.969978271279,11:0.00952333888889,12:0.000396,13:0.009735,14:13,15:20,16:-101,17:-14,18:9,19:-10,20:171.875,21:34.546,22:145.486,23:37.523,24:534,25:5.76014399101,26:0.02,27:0.00151135897436,29:0.005005,30:188416,31:0.691273533959,32:1.12351411769,33:60.608,34:23.072,35:1.57721660399,36:2.03941618993,37:351.24,38:126.303
1,1:26,2:2000,3:2000,4:2000,6:214,7:-55,8:26,9:1.84287595989,11:0.00461077222222,12:0.001269,13:0.010775,14:13,15:20,16:-101,17:-14,18:9,19:-10,20:182.739,21:34.271,22:144.082,23:38.055,24:307,25:0.000291709495618,27:0.00265235555556,28:0.001907,29:0.005539,30:17408,31:1.48291640647,32:0.210955724301,33:45.655,34:7.843,35:0.369726204443,36:0.209014143464,37:149.64,38:140.217
1,1:26,2:2000,3:2000,4:2000,6:214,7:-55,8:26,9:1.84287595989,11:0.00461077222222,12:0.001269,13:0.010775,14:13,15:20,16:-101,17:-14,18:9,19:-10,20:182.739,21:34.271,22:144.082,23:38.055,24:307,25:0.000291709495618,27:0.00265235555556,28:0.001907,29:0.005539,30:15360,31:1.3980090808,32:0.210955724301,33:45.655,34:7.843,35:0.349448531557,36:0.218662097729,37:149.64,38:140.217
1,1:26,2:2000,3:2000,4:2000,6:214,7:-55,8:26,9:1.84287595989,11:0.00461077222222,12:0.001269,13:0.010775,14:13,15:20,16:-101,17:-14,18:9,19:-10,20:182.739,21:34.271,22:144.082,23:38.055,24:307,25:0.000291709495618,27:0.00265235555556,28:0.001907,29:0.005539,30:11264,31:1.31251720533,32:0.210955724301,33:45.655,34:7.843,35:0.343657177972,36:0.201004345048,37:149.64,38:140.217
1,1:26,2:2000,3:2000,4:2000,6:214,7:-55,8:26,9:1.84287595989,11:0.00461077222222,12:0.001269,13:0.010775,14:13,15:20,16:-101,17:-14,18:9,19:-10,20:182.739,21:34.271,22:144.082,23:38.055,24:307,25:0.000291709495618,27:0.00265235555556,28:0.001907,29:0.005539,30:14336,31:1.35239509655,32:0.210955724301,33:45.655,34:7.843,35:0.319653946946,36:0.200068991835,37:149.64,38:140.217
1,1:26,2:2000,3:2000,4:2000,6:214,7:-55,8:26,9:1.84287595989,11:0.00461077222222,12:0.001269,13:0.010775,14:13,15:20,16:-101,17:-14,18:9,19:-10,20:182.739,21:34.271,22:144.082,23:38.055,24:307,25:0.000291709495618,27:0.00265235555556,28:0.001907,29:0.005539,30:10240,31:1.23074184584,32:0.210955724301,33:45.655,34:7.843,35:0.304285745377,36:0.178059653954,37:149.64,38:140.217
1,1:26,2:2000,3:2000,4:2000,6:214,7:-55,8:26,9:1.84287595989,11:0.00461077222222,12:0.001269,13:0.010775,14:13,15:20,16:-101,17:-14,18:9,19:-10,20:182.739,21:34.271,22:144.082,23:38.055,24:307,25:0.000291709495618,27:0.00265235555556,28:0.001907,29:0.005539,30:8192,31:1.12563275414,32:0.210955724301,33:45.655,34:7.843,35:0.274725945333,36:0.15511496286,37:149.64,38:140.217
0,1:22,2:2000,3:2000,4:2000,6:1518,7:-68,8:6,9:0.969978271279,11:0.00952333888889,12:0.000396,13:0.009735,14:13,15:20,16:-101,17:-14,18:9,19:-10,20:171.875,21:34.546,22:145.486,23:37.523,24:534,25:5.76014399101,26:0.02,27:0.00151135897436,29:0.005005,30:173056,31:0.691273533959,32:1.0923013143,33:60.608,34:23.072,35:1.53352073448,36:1.9196273471,37:351.24,38:126.303
0,1:22,2:2000,3:2000,4:2000,6:1518,7:-68,8:6,9:0.969978271279,11:0.00952333888889,12:0.000396,13:0.009735,14:13,15:20,16:-101,17:-14,18:9,19:-10,20:171.875,21:34.546,22:145.486,23:37.523,24:534,25:5.76014399101,26:0.02,27:0.00151135897436,29:0.005005,30:174080,31:0.691273533959,32:1.10086621612,33:60.608,34:23.072,35:1.53352073448,36:1.9196273471,37:351.24,38:126.303
0,1:22,2:2000,3:2000,4:2000,6:1518,7:-68,8:6,9:0.969978271279,11:0.00952333888889,12:0.000396,13:0.009735,14:13,15:20,16:-101,17:-14,18:9,19:-10,20:171.875,21:34.546,22:145.486,23:37.523,24:534,25:5.76014399101,26:0.02,27:0.00151135897436,29:0.005005,30:189440,31:0.691273533959,32:1.13149000151,33:60.608,34:23.072,35:1.52504,36:2.04098133333,37:351.24,38:126.303
0,1:22,2:2000,3:2000,4:2000,6:1518,7:-68,8:6,9:0.969978271279,11:0.00952333888889,12:0.000396,13:0.009735,14:13,15:20,16:-101,17:-14,18:9,19:-10,20:171.875,21:34.546,22:145.486,23:37.523,24:534,25:5.76014399101,26:0.02,27:0.00151135897436,29:0.005005,30:169984,31:0.691273533959,32:1.08054442216,33:60.608,34:23.072,35:1.50981963781,36:1.8900821424,37:351.24,38:126.303
0,1:22,2:2000,3:2000,4:2000,6:1518,7:-68,8:6,9:0.969978271279,11:0.00952333888889,12:0.000396,13:0.009735,14:13,15:20,16:-101,17:-14,18:9,19:-10,20:171.875,21:34.546,22:145.486,23:37.523,24:534,25:5.76014399101,26:0.02,27:0.00151135897436,29:0.005005,30:171008,31:0.691273533959,32:1.08449120118,33:60.608,34:23.072,35:1.50981963781,36:1.8900821424,37:351.24,38:126.303
0,1:22,2:2000,3:2000,4:2000,6:1518,7:-68,8:6,9:0.969978271279,11:0.00952333888889,12:0.000396,13:0.009735,14:13,15:20,16:-101,17:-14,18:9,19:-10,20:171.875,21:34.546,22:145.486,23:37.523,24:534,25:5.76014399101,26:0.02,27:0.00151135897436,29:0.005005,30:166912,31:0.691273533959,32:1.06409421222,33:60.608,34:23.072,35:1.50263095189,36:1.83099173298,37:351.24,38:126.303
0,1:22,2:2000,3:2000,4:2000,6:1518,7:-68,8:6,9:0.969978271279,11:0.00952333888889,12:0.000396,13:0.009735,14:13,15:20,16:-101,17:-14,18:9,19:-10,20:171.875,21:34.546,22:145.486,23:37.523,24:534,25:5.76014399101,26:0.02,27:0.00151135897436,29:0.005005,30:167936,31:0.691273533959,32:1.0719860589,33:60.608,34:23.072,35:1.50263095189,36:1.86053693769,37:351.24,38:126.303
0,1:22,2:2000,3:2000,4:2000,6:1518,7:-68,8:6,9:0.969978271279,11:0.00952333888889,12:0.000396,13:0.009735,14:13,15:20,16:-101,17:-14,18:9,19:-10,20:171.875,21:34.546,22:145.486,23:37.523,24:534,25:5.76014399101,26:0.02,27:0.00151135897436,29:0.005005,30:168960,31:0.691273533959,32:1.0719860589,33:60.608,34:23.072,35:1.50263095189,36:1.86053693769,37:351.24,38:126.303
0,1:22,2:2000,3:2000,4:2000,6:1518,7:-68,8:6,9:0.969978271279,11:0.00952333888889,12:0.000396,13:0.009735,14:13,15:20,16:-101,17:-14,18:9,19:-10,20:171.875,21:34.546,22:145.486,23:37.523,24:534,25:5.76014399101,26:0.02,27:0.00151135897436,29:0.005005,30:163840,31:0.691273533959,32:1.04680713454,33:60.608,34:23.072,35:1.49528072263,36:1.80144652827,37:351.24,38:126.303
0,1:22,2:2000,3:2000,4:2000,6:1518,7:-68,8:6,9:0.969978271279,11:0.00952333888889,12:0.000396,13:0.009735,14:13,15:20,16:-101,17:-14,18:9,19:-10,20:171.875,21:34.546,22:145.486,23:37.523,24:534,25:5.76014399101,26:0.02,27:0.00151135897436,29:0.005005,30:164864,31:0.691273533959,32:1.04680713454,33:60.608,34:23.072,35:1.49528072263,36:1.83099173298,37:351.24,38:126.303
0,1:22,2:2000,3:2000,4:2000,6:1518,7:-68,8:6,9:0.969978271279,11:0.00952333888889,12:0.000396,13:0.009735,14:13,15:20,16:-101,17:-14,18:9,19:-10,20:171.875,21:34.546,22:145.486,23:37.523,24:534,25:5.76014399101,26:0.02,27:0.00151135897436,29:0.005005,30:165888,31:0.691273533959,32:1.05545128099,33:60.608,34:23.072,35:1.49528072263,36:1.83099173298,37:351.24,38:126.303
0,1:22,2:2000,3:2000,4:2000,6:1518,7:-68,8:6,9:0.969978271279,11:0.00952333888889,12:0.000396,13:0.009735,14:13,15:20,16:-101,17:-14,18:9,19:-10,20:171.875,21:34.546,22:145.486,23:37.523,24:534,25:5.76014399101,26:0.02,27:0.00151135897436,29:0.005005,30:161792,31:0.691273533959,32:1.02951838515,33:60.608,34:23.072,35:1.47104701762,36:1.80144652827,37:351.24,38:126.303
0,1:22,2:2000,3:2000,4:2000,6:1518,7:-68,8:6,9:0.969978271279,11:0.00952333888889,12:0.000396,13:0.009735,14:13,15:20,16:-101,17:-14,18:9,19:-10,20:171.875,21:34.546,22:145.486,23:37.523,24:534,25:5.76014399101,26:0.02,27:0.00151135897436,29:0.005005,30:162816,31:0.691273533959,32:1.03816336097,33:60.608,34:23.072,35:1.47104701762,36:1.80144652827,37:351.24,38:126.303
0,1:22,2:2000,3:2000,4:2000,6:1518,7:-68,8:6,9:0.969978271279,11:0.00952333888889,12:0.000396,13:0.009735,14:13,15:20,16:-101,17:-14,18:9,19:-10,20:171.875,21:34.546,22:145.486,23:37.523,24:534,25:5.76014399101,26:0.02,27:0.00151135897436,29:0.005005,30:158720,31:0.585933777253,32:1.36782591067,33:60.608,34:23.072,35:1.44681331261,36:1.76655548536,37:351.24,38:126.303
0,1:22,2:2000,3:2000,4:2000,6:1518,7:-68,8:6,9:0.969978271279,11:0.00952333888889,12:0.000396,13:0.009735,14:13,15:20,16:-101,17:-14,18:9,19:-10,20:171.875,21:34.546,22:145.486,23:37.523,24:534,25:5.76014399101,26:0.02,27:0.00151135897436,29:0.005005,30:159744,31:0.585933777253,32:1.02089806491,33:60.608,34:23.072,35:1.44681331261,36:1.77190132357,37:351.24,38:126.303
0,1:22,2:2000,3:2000,4:2000,6:1518,7:-68,8:6,9:0.969978271279,11:0.00952333888889,12:0.000396,13:0.009735,14:13,15:20,16:-101,17:-14,18:9,19:-10,20:171.875,21:34.546,22:145.486,23:37.523,24:534,25:5.76014399101,26:0.02,27:0.00151135897436,29:0.005005,30:160768,31:0.691273533959,32:1.02089806491,33:60.608,34:23.072,35:1.44681331261,36:1.77190132357,37:351.24,38:126.303
0,1:22,2:2000,3:2000,4:2000,6:1518,7:-68,8:6,9:0.969978271279,11:0.00952333888889,12:0.000396,13:0.009735,14:13,15:20,16:-101,17:-14,18:9,19:-10,20:171.875,21:34.546,22:145.486,23:37.523,24:534,25:5.76014399101,26:0.02,27:0.00151135897436,29:0.005005,30:155648,31:0.601314127383,32:1.34452652055,33:60.608,34:23.072,35:1.43874526744,36:1.73659993099,37:351.24,38:126.303
0,1:22,2:2000,3:2000,4:2000,6:1518,7:-68,8:6,9:0.969978271279,11:0.00952333888889,12:0.000396,13:0.009735,14:13,15:20,16:-101,17:-14,18:9,19:-10,20:171.875,21:34.546,22:145.486,23:37.523,24:534,25:5.76014399101,26:0.02,27:0.00151135897436,29:0.005005,30:156672,31:0.601314127383,32:1.34452652055,33:60.608,34:23.072,35:1.43874526744,36:1.76655548536,37:351.24,38:126.303
0,1:22,2:2000,3:2000,4:2000,6:1518,7:-68,8:6,9:0.969978271279,11:0.00952333888889,12:0.000396,13:0.009735,14:13,15:20,16:-101,17:-14,18:9,19:-10,20:171.875,21:34.546,22:145.486,23:37.523,24:534,25:5.76014399101,26:0.02,27:0.00151135897436,29:0.005005,30:157696,31:0.601314127383,32:1.35619859801,33:60.608,34:23.072,35:1.43874526744,36:1.76655548536,37:351.24,38:126.303
0,1:22,2:2000,3:2000,4:2000,6:1518,7:-68,8:6,9:0.969978271279,11:0.00952333888889,12:0.000396,13:0.009735,14:13,15:20,16:-101,17:-14,18:9,19:-10,20:171.875,21:34.546,22:145.486,23:37.523,24:534,25:5.76014399101,26:0.02,27:0.00151135897436,29:0.005005,30:153600,31:0.592114920753,32:1.87122075551,33:60.608,34:23.072,35:1.41423617972,36:1.73659993099,37:351.24,38:126.303
0,1:22,2:2000,3:2000,4:2000,6:1518,7:-68,8:6,9:0.969978271279,11:0.00952333888889,12:0.000396,13:0.009735,14:13,15:20,16:-101,17:-14,18:9,19:-10,20:171.875,21:34.546,22:145.486,23:37.523,24:534,25:5.76014399101,26:0.02,27:0.00151135897436,29:0.005005,30:154624,31:0.592114920753,32:1.33293907314,33:60.608,34:23.072,35:1.41423617972,36:1.73659993099,37:351.24,38:126.303
0,1:22,2:2000,3:2000,4:2000,6:1518,7:-68,8:6,9:0.969978271279,11:0.00952333888889,12:0.000396,13:0.009735,14:13,15:20,16:-101,17:-14,18:9,19:-10,20:171.875,21:34.546,22:145.486,23:37.523,24:534,25:5.76014399101,26:0.02,27:0.00151135897436,29:0.005005,30:151552,31:0.582179345754,32:1.85488064051,33:60.608,34:23.072,35:1.389727092,36:1.70664437663,37:351.24,38:126.303
0,1:22,2:2000,3:2000,4:2000,6:1518,7:-68,8:6,9:0.969978271279,11:0.00952333888889,12:0.000396,13:0.009735,14:13,15:20,16:-101,17:-14,18:9,19:-10,20:171.875,21:34.546,22:145.486,23:37.523,24:534,25:5.76014399101,26:0.02,27:0.00151135897436,29:0.005005,30:152576,31:0.592114920753,32:1.85488064051,33:60.608,34:23.072,35:1.389727092,36:1.70664437663,37:351.24,38:126.303
0,1:22,2:2000,3:2000,4:2000,6:1518,7:-68,8:6,9:0.969978271279,11:0.00952333888889,12:0.000396,13:0.009735,14:13,15:20,16:-101,17:-14,18:9,19:-10,20:171.875,21:34.546,22:145.486,23:37.523,24:534,25:5.76014399101,26:0.02,27:0.00151135897436,29:0.005005,30:148480,31:0.572859340579,32:2.11089768717,33:60.608,34:23.072,35:1.38091014804,36:1.700304134,37:351.24,38:126.303
0,1:22,2:2000,3:2000,4:2000,6:1518,7:-68,8:6,9:0.969978271279,11:0.00952333888889,12:0.000396,13:0.009735,14:13,15:20,16:-101,17:-14,18:9,19:-10,20:171.875,21:34.546,22:145.486,23:37.523,24:534,25:5.76014399101,26:0.02,27:0.00151135897436,29:0.005005,30:149504,31:0.572859340579,32:2.12892647976,33:60.608,34:23.072,35:1.38091014804,36:1.700304134,37:351.24,38:126.303
0,1:22,2:2000,3:2000,4:2000,6:1518,7:-68,8:6,9:0.969978271279,11:0.00952333888889,12:0.000396,13:0.009735,14:13,15:20,16:-101,17:-14,18:9,19:-10,20:171.875,21:34.546,22:145.486,23:37.523,24:534,25:5.76014399101,26:0.02,27:0.00151135897436,29:0.005005,30:145408,31:0.562021316674,32:2.0731984817,33:60.608,34:23.072,35:1.35611934698,36:1.68707232386,37:351.24,38:126.303
0,1:22,2:2000,3:2000,4:2000,6:1518,7:-68,8:6,9:0.969978271279,11:0.00952333888889,12:0.000396,13:0.009735,14:13,15:20,16:-101,17:-14,18:9,19:-10,20:171.875,21:34.546,22:145.486,23:37.523,24:534,25:5.76014399101,26:0.02,27:0.00151135897436,29:0.005005,30:146432,31:0.567068689301,32:2.09205495699,33:60.608,34:23.072,35:1.35611934698,36:1.71833029228,37:351.24,38:126.303
0,1:22,2:2000,3:2000,4:2000,6:1518,7:-68,8:6,9:0.969978271279,11:0.00952333888889,12:0.000396,13:0.009735,14:13,15:20,16:-101,17:-14,18:9,19:-10,20:171.875,21:34.546,22:145.486,23:37.523,24:534,25:5.76014399101,26:0.02,27:0.00151135897436,29:0.005005,30:147456,31:0.572859340579,32:2.11089768717,33:60.608,34:23.072,35:1.35611934698,36:1.71833029228,37:351.24,38:126.303
1,1:26,2:2000,3:2000,4:2000,6:214,7:-55,8:26,9:1.84287595989,11:0.00461077222222,12:0.001269,13:0.010775,14:13,15:20,16:-101,17:-14,18:9,19:-10,20:182.739,21:34.271,22:144.082,23:38.055,24:307,25:0.000291709495618,27:0.00265235555556,28:0.001907,29:0.005539,30:101376,31:2.83787830699,32:0.348837159131,33:45.655,34:7.843,35:1.3403247803,36:0.978809421722,37:149.64,38:140.217
1,1:26,2:2000,3:2000,4:2000,6:214,7:-55,8:26,9:1.84287595989,11:0.00461077222222,12:0.001269,13:0.010775,14:13,15:20,16:-101,17:-14,18:9,19:-10,20:182.739,21:34.271,22:144.082,23:38.055,24:307,25:0.000291709495618,27:0.00265235555556,28:0.001907,29:0.005539,30:102400,31:2.83787830699,32:0.35765536765,33:45.655,34:7.843,35:1.3403247803,36:0.978809421722,37:149.64,38:140.217
1,1:26,2:2000,3:2000,4:2000,6:214,7:-55,8:26,9:1.84287595989,11:0.00461077222222,12:0.001269,13:0.010775,14:13,15:20,16:-101,17:-14,18:9,19:-10,20:182.739,21:34.271,22:144.082,23:38.055,24:307,25:0.000291709495618,27:0.00265235555556,28:0.001907,29:0.005539,30:103424,31:2.83787830699,32:0.35765536765,33:45.655,34:7.843,35:1.3403247803,36:0.978809421722,37:149.64,38:140.217
0,1:22,2:2000,3:2000,4:2000,6:1518,7:-68,8:6,9:0.969978271279,11:0.00952333888889,12:0.000396,13:0.009735,14:13,15:20,16:-101,17:-14,18:9,19:-10,20:171.875,21:34.546,22:145.486,23:37.523,24:534,25:5.76014399101,26:0.02,27:0.00151135897436,29:0.005005,30:142336,31:0.556698751599,32:2.03866454146,33:60.608,34:23.072,35:1.33132854591,36:1.68016454094,37:351.24,38:126.303
0,1:22,2:2000,3:2000,4:2000,6:1518,7:-68,8:6,9:0.969978271279,11:0.00952333888889,12:0.000396,13:0.009735,14:13,15:20,16:-101,17:-14,18:9,19:-10,20:171.875,21:34.546,22:145.486,23:37.523,24:534,25:5.76014399101,26:0.02,27:0.00151135897436,29:0.005005,30:143360,31:0.559136629589,32:2.05689806481,33:60.608,34:23.072,35:1.33132854591,36:1.68707232386,37:351.24,38:126.303
0,1:22,2:2000,3:2000,4:2000,6:1518,7:-68,8:6,9:0.969978271279,11:0.00952333888889,12:0.000396,13:0.009735,14:13,15:20,16:-101,17:-14,18:9,19:-10,20:171.875,21:34.546,22:145.486,23:37.523,24:534,25:5.76014399101,26:0.02,27:0.00151135897436,29:0.005005,30:144384,31:0.562021316674,32:2.05689806481,33:60.608,34:23.072,35:1.33132854591,36:1.68707232386,37:351.24,38:126.303
0,1:22,2:2000,3:2000,4:2000,6:1518,7:-68,8:6,9:0.969978271279,11:0.00952333888889,12:0.000396,13:0.009735,14:13,15:20,16:-101,17:-14,18:9,19:-10,20:171.875,21:34.546,22:145.486,23:37.523,24:534,25:5.76014399101,26:0.02,27:0.00151135897436,29:0.005005,30:140288,31:0.556698751599,32:2.00147699679,33:60.608,34:23.072,35:1.32173002736,36:1.68016454094,37:351.24,38:126.303
0,1:22,2:2000,3:2000,4:2000,6:1518,7:-68,8:6,9:0.969978271279,11:0.00952333888889,12:0.000396,13:0.009735,14:13,15:20,16:-101,17:-14,18:9,19:-10,20:171.875,21:34.546,22:145.486,23:37.523,24:534,25:5.76014399101,26:0.02,27:0.00151135897436,29:0.005005,30:141312,31:0.556698751599,32:2.01996788278,33:60.608,34:23.072,35:1.32173002736,36:1.68016454094,37:351.24,38:126.303
1,1:26,2:2000,3:2000,4:2000,6:214,7:-55,8:26,9:1.84287595989,11:0.00461077222222,12:0.001269,13:0.010775,14:13,15:20,16:-101,17:-14,18:9,19:-10,20:182.739,21:34.271,22:144.082,23:38.055,24:307,25:0.000291709495618,27:0.00265235555556,28:0.001907,29:0.005539,30:98304,31:2.8276663478,32:0.340101019576,33:45.655,34:7.843,35:1.31732430183,36:0.926513045128,37:149.64,38:140.217
1,1:26,2:2000,3:2000,4:2000,6:214,7:-55,8:26,9:1.84287595989,11:0.00461077222222,12:0.001269,13:0.010775,14:13,15:20,16:-101,17:-14,18:9,19:-10,20:182.739,21:34.271,22:144.082,23:38.055,24:307,25:0.000291709495618,27:0.00265235555556,28:0.001907,29:0.005539,30:99328,31:2.8276663478,32:0.340101019576,33:45.655,34:7.843,35:1.31732430183,36:0.952037753875,37:149.64,38:140.217
0,1:22,2:2000,3:2000,4:2000,6:1518,7:-68,8:6,9:0.969978271279,11:0.00952333888889,12:0.000396,13:0.009735,14:13,15:20,16:-101,17:-14,18:9,19:-10,20:171.875,21:34.546,22:145.486,23:37.523,24:534,25:5.76014399101,26:0.02,27:0.00151135897436,29:0.005005,30:150528,31:0.582179345754,32:1.83853800541,33:60.608,34:23.072,35:1.389727092,36:1.700304134,37:351.24,38:126.303
1,1:26,2:2000,3:2000,4:2000,6:214,7:-55,8:26,9:1.84287595989,11:0.00461077222222,12:0.001269,13:0.010775,14:13,15:20,16:-101,17:-14,18:9,19:-10,20:182.739,21:34.271,22:144.082,23:38.055,24:307,25:0.000291709495618,27:0.00265235555556,28:0.001907,29:0.005539,30:95232,31:2.80154216908,32:0.351372396691,33:45.655,34:7.843,35:1.30311968931,36:0.900988336382,37:149.64,38:140.217
1,1:26,2:2000,3:2000,4:2000,6:214,7:-55,8:26,9:1.84287595989,11:0.00461077222222,12:0.001269,13:0.010775,14:13,15:20,16:-101,17:-14,18:9,19:-10,20:182.739,21:34.271,22:144.082,23:38.055,24:307,25:0.000291709495618,27:0.00265235555556,28:0.001907,29:0.005539,30:96256,31:2.79846072429,32:0.351372396691,33:45.655,34:7.843,35:1.30311968931,36:0.926513045128,37:149.64,38:140.217
1,1:26,2:2000,3:2000,4:2000,6:214,7:-55,8:26,9:1.84287595989,11:0.00461077222222,12:0.001269,13:0.010775,14:13,15:20,16:-101,17:-14,18:9,19:-10,20:182.739,21:34.271,22:144.082,23:38.055,24:307,25:0.000291709495618,27:0.00265235555556,28:0.001907,29:0.005539,30:97280,31:2.79846072429,32:0.340101019576,33:45.655,34:7.843,35:1.30311968931,36:0.926513045128,37:149.64,38:140.217
0,1:22,2:2000,3:2000,4:2000,6:1518,7:-68,8:6,9:0.969978271279,11:0.00952333888889,12:0.000396,13:0.009735,14:13,15:20,16:-101,17:-14,18:9,19:-10,20:171.875,21:34.546,22:145.486,23:37.523,24:534,25:5.76014399101,26:0.02,27:0.00151135897436,29:0.005005,30:137216,31:0.535377850295,32:1.96465202575,33:60.608,34:23.072,35:1.29665096149,36:1.61672925305,37:351.24,38:126.303
0,1:22,2:2000,3:2000,4:2000,6:1518,7:-68,8:6,9:0.969978271279,11:0.00952333888889,12:0.000396,13:0.009735,14:13,15:20,16:-101,17:-14,18:9,19:-10,20:171.875,21:34.546,22:145.486,23:37.523,24:534,25:5.76014399101,26:0.02,27:0.00151135897436,29:0.005005,30:138240,31:0.556698751599,32:1.98328966783,33:60.608,34:23.072,35:1.29665096149,36:1.64844689699,37:351.24,38:126.303
0,1:22,2:2000,3:2000,4:2000,6:1518,7:-68,8:6,9:0.969978271279,11:0.00952333888889,12:0.000396,13:0.009735,14:13,15:20,16:-101,17:-14,18:9,19:-10,20:171.875,21:34.546,22:145.486,23:37.523,24:534,25:5.76014399101,26:0.02,27:0.00151135897436,29:0.005005,30:139264,31:0.556698751599,32:2.00147699679,33:60.608,34:23.072,35:1.29665096149,36:1.64844689699,37:351.24,38:126.303
1,1:26,2:2000,3:2000,4:2000,6:214,7:-55,8:26,9:1.84287595989,11:0.00461077222222,12:0.001269,13:0.010775,14:13,15:20,16:-101,17:-14,18:9,19:-10,20:182.739,21:34.271,22:144.082,23:38.055,24:307,25:0.000291709495618,27:0.00265235555556,28:0.001907,29:0.005539,30:93184,31:2.80154216908,32:0.342096010211,33:45.655,34:7.843,35:1.28843356509,36:0.900988336382,37:149.64,38:140.217
1,1:26,2:2000,3:2000,4:2000,6:214,7:-55,8:26,9:1.84287595989,11:0.00461077222222,12:0.001269,13:0.010775,14:13,15:20,16:-101,17:-14,18:9,19:-10,20:182.739,21:34.271,22:144.082,23:38.055,24:307,25:0.000291709495618,27:0.00265235555556,28:0.001907,29:0.005539,30:94208,31:2.80154216908,32:0.351372396691,33:45.655,34:7.843,35:1.28843356509,36:0.900988336382,37:149.64,38:140.217
0,1:22,2:2000,3:2000,4:2000,6:1518,7:-68,8:6,9:0.969978271279,11:0.00952333888889,12:0.000396,13:0.009735,14:13,15:20,16:-101,17:-14,18:9,19:-10,20:171.875,21:34.546,22:145.486,23:37.523,24:534,25:5.76014399101,26:0.02,27:0.00151135897436,29:0.005005,30:134144,31:0.524682068917,32:1.92764278683,33:60.608,34:23.072,35:1.27157189561,36:1.60866847353,37:351.24,38:126.303
0,1:22,2:2000,3:2000,4:2000,6:1518,7:-68,8:6,9:0.969978271279,11:0.00952333888889,12:0.000396,13:0.009735,14:13,15:20,16:-101,17:-14,18:9,19:-10,20:171.875,21:34.546,22:145.486,23:37.523,24:534,25:5.76014399101,26:0.02,27:0.00151135897436,29:0.005005,30:135168,31:0.530033917996,32:1.94599733411,33:60.608,34:23.072,35:1.27157189561,36:1.61672925305,37:351.24,38:126.303
0,1:22,2:2000,3:2000,4:2000,6:1518,7:-68,8:6,9:0.969978271279,11:0.00952333888889,12:0.000396,13:0.009735,14:13,15:20,16:-101,17:-14,18:9,19:-10,20:171.875,21:34.546,22:145.486,23:37.523,24:534,25:5.76014399101,26:0.02,27:0.00151135897436,29:0.005005,30:132096,31:0.519337262693,32:1.89189868867,33:60.608,34:23.072,35:1.26115743481,36:1.60866847353,37:351.24,38:126.303
0,1:22,2:2000,3:2000,4:2000,6:1518,7:-68,8:6,9:0.969978271279,11:0.00952333888889,12:0.000396,13:0.009735,14:13,15:20,16:-101,17:-14,18:9,19:-10,20:171.875,21:34.546,22:145.486,23:37.523,24:534,25:5.76014399101,26:0.02,27:0.00151135897436,29:0.005005,30:133120,31:0.519337262693,32:1.90926623049,33:60.608,34:23.072,35:1.26115743481,36:1.60866847353,37:351.24,38:126.303
1,1:26,2:2000,3:2000,4:2000,6:214,7:-55,8:26,9:1.84287595989,11:0.00461077222222,12:0.001269,13:0.010775,14:13,15:20,16:-101,17:-14,18:9,19:-10,20:182.739,21:34.271,22:144.082,23:38.055,24:307,25:0.000291709495618,27:0.00265235555556,28:0.001907,29:0.005539,30:90112,31:2.76588094183,32:0.332744525868,33:45.655,34:7.843,35:1.25166069324,36:0.900988336382,37:149.64,38:140.217
1,1:26,2:2000,3:2000,4:2000,6:214,7:-55,8:26,9:1.84287595989,11:0.00461077222222,12:0.001269,13:0.010775,14:13,15:20,16:-101,17:-14,18:9,19:-10,20:182.739,21:34.271,22:144.082,23:38.055,24:307,25:0.000291709495618,27:0.00265235555556,28:0.001907,29:0.005539,30:91136,31:2.76588094183,32:0.332744525868,33:45.655,34:7.843,35:1.25166069324,36:0.900988336382,37:149.64,38:140.217
0,1:22,2:2000,3:2000,4:2000,6:1518,7:-68,8:6,9:0.969978271279,11:0.00952333888889,12:0.000396,13:0.009735,14:13,15:20,16:-101,17:-14,18:9,19:-10,20:171.875,21:34.546,22:145.486,23:37.523,24:534,25:5.76014399101,26:0.02,27:0.00151135897436,29:0.005005,30:136192,31:0.535377850295,32:1.94599733411,33:60.608,34:23.072,35:1.27157189561,36:1.61672925305,37:351.24,38:126.303
0,1:22,2:2000,3:2000,4:2000,6:1518,7:-68,8:6,9:0.969978271279,11:0.00952333888889,12:0.000396,13:0.009735,14:13,15:20,16:-101,17:-14,18:9,19:-10,20:171.875,21:34.546,22:145.486,23:37.523,24:534,25:5.76014399101,26:0.02,27:0.00151135897436,29:0.005005,30:181248,31:0.691273533959,32:1.14044476475,33:60.608,34:23.072,35:1.58718247707,36:1.98112429879,37:351.24,38:126.303
1,1:26,2:2000,3:2000,4:2000,6:214,7:-55,8:26,9:1.84287595989,11:0.00461077222222,12:0.001269,13:0.010775,14:13,15:20,16:-101,17:-14,18:9,19:-10,20:182.739,21:34.271,22:144.082,23:38.055,24:307,25:0.000291709495618,27:0.00265235555556,28:0.001907,29:0.005539,30:89088,31:2.74502324882,32:0.332744525868,33:45.655,34:7.843,35:1.23583413731,36:0.900988336382,37:149.64,38:140.217
0,1:22,2:2000,3:2000,4:2000,6:1518,7:-68,8:6,9:0.969978271279,11:0.00952333888889,12:0.000396,13:0.009735,14:13,15:20,16:-101,17:-14,18:9,19:-10,20:171.875,21:34.546,22:145.486,23:37.523,24:534,25:5.76014399101,26:0.02,27:0.00151135897436,29:0.005005,30:129024,31:0.508646403256,32:1.85602640233,33:60.608,34:23.072,35:1.23578332144,36:1.54428639131,37:351.24,38:126.303
0,1:22,2:2000,3:2000,4:2000,6:1518,7:-68,8:6,9:0.969978271279,11:0.00952333888889,12:0.000396,13:0.009735,14:13,15:20,16:-101,17:-14,18:9,19:-10,20:171.875,21:34.546,22:145.486,23:37.523,24:534,25:5.76014399101,26:0.02,27:0.00151135897436,29:0.005005,30:130048,31:0.508646403256,32:1.87541033836,33:60.608,34:23.072,35:1.23578332144,36:1.57647743242,37:351.24,38:126.303
0,1:22,2:2000,3:2000,4:2000,6:1518,7:-68,8:6,9:0.969978271279,11:0.00952333888889,12:0.000396,13:0.009735,14:13,15:20,16:-101,17:-14,18:9,19:-10,20:171.875,21:34.546,22:145.486,23:37.523,24:534,25:5.76014399101,26:0.02,27:0.00151135897436,29:0.005005,30:131072,31:0.513992220734,32:1.89189868867,33:60.608,34:23.072,35:1.23578332144,36:1.57647743242,37:351.24,38:126.303
0,1:22,2:2000,3:2000,4:2000,6:1518,7:-68,8:6,9:0.969978271279,11:0.00952333888889,12:0.000396,13:0.009735,14:13,15:20,16:-101,17:-14,18:9,19:-10,20:171.875,21:34.546,22:145.486,23:37.523,24:534,25:5.76014399101,26:0.02,27:0.00151135897436,29:0.005005,30:125952,31:0.510171839584,32:1.91474744718,33:60.608,34:23.072,35:1.21040920806,36:1.53500586098,37:351.24,38:126.303
0,1:22,2:2000,3:2000,4:2000,6:1518,7:-68,8:6,9:0.969978271279,11:0.00952333888889,12:0.000396,13:0.009735,14:13,15:20,16:-101,17:-14,18:9,19:-10,20:171.875,21:34.546,22:145.486,23:37.523,24:534,25:5.76014399101,26:0.02,27:0.00151135897436,29:0.005005,30:126976,31:0.515692729705,32:1.93483313239,33:60.608,34:23.072,35:1.21040920806,36:1.5513452528,37:351.24,38:126.303
0,1:22,2:2000,3:2000,4:2000,6:1518,7:-68,8:6,9:0.969978271279,11:0.00952333888889,12:0.000396,13:0.009735,14:13,15:20,16:-101,17:-14,18:9,19:-10,20:171.875,21:34.546,22:145.486,23:37.523,24:534,25:5.76014399101,26:0.02,27:0.00151135897436,29:0.005005,30:128000,31:0.503307778936,32:1.93483313239,33:60.608,34:23.072,35:1.21040920806,36:1.54428639131,37:351.24,38:126.303
1,1:26,2:2000,3:2000,4:2000,6:214,7:-55,8:26,9:1.84287595989,11:0.00461077222222,12:0.001269,13:0.010775,14:13,15:20,16:-101,17:-14,18:9,19:-10,20:182.739,21:34.271,22:144.082,23:38.055,24:307,25:0.000291709495618,27:0.00265235555556,28:0.001907,29:0.005539,30:84992,31:2.68491453704,32:0.327874386981,33:45.655,34:7.843,35:1.20042119322,36:0.83422865667,37:149.64,38:140.217
0,1:22,2:2000,3:2000,4:2000,6:1518,7:-68,8:6,9:0.969978271279,11:0.00952333888889,12:0.000396,13:0.009735,14:13,15:20,16:-101,17:-14,18:9,19:-10,20:171.875,21:34.546,22:145.486,23:37.523,24:534,25:5.76014399101,26:0.02,27:0.00151135897436,29:0.005005,30:123904,31:0.543396879395,32:1.87724028312,33:60.608,34:23.072,35:1.19914263932,36:1.50232707735,37:351.24,38:126.303
0,1:22,2:2000,3:2000,4:2000,6:1518,7:-68,8:6,9:0.969978271279,11:0.00952333888889,12:0.000396,13:0.009735,14:13,15:20,16:-101,17:-14,18:9,19:-10,20:171.875,21:34.546,22:145.486,23:37.523,24:534,25:5.76014399101,26:0.02,27:0.00151135897436,29:0.005005,30:124928,31:0.510171839584,32:1.89475756229,33:60.608,34:23.072,35:1.19914263932,36:1.51866646917,37:351.24,38:126.303
1,1:26,2:2000,3:2000,4:2000,6:214,7:-55,8:26,9:1.84287595989,11:0.00461077222222,12:0.001269,13:0.010775,14:13,15:20,16:-101,17:-14,18:9,19:-10,20:182.739,21:34.271,22:144.082,23:38.055,24:307,25:0.000291709495618,27:0.00265235555556,28:0.001907,29:0.005539,30:86016,31:2.71009996519,32:0.337809873761,33:45.655,34:7.843,35:1.19842725122,36:0.83422865667,37:149.64,38:140.217
1,1:26,2:2000,3:2000,4:2000,6:214,7:-55,8:26,9:1.84287595989,11:0.00461077222222,12:0.001269,13:0.010775,14:13,15:20,16:-101,17:-14,18:9,19:-10,20:182.739,21:34.271,22:144.082,23:38.055,24:307,25:0.000291709495618,27:0.00265235555556,28:0.001907,29:0.005539,30:81920,31:2.66584014805,32:0.317768009336,33:45.655,34:7.843,35:1.18150189276,36:0.808400082602,37:149.64,38:140.217
1,1:26,2:2000,3:2000,4:2000,6:214,7:-55,8:26,9:1.84287595989,11:0.00461077222222,12:0.001269,13:0.010775,14:13,15:20,16:-101,17:-14,18:9,19:-10,20:182.739,21:34.271,22:144.082,23:38.055,24:307,25:0.000291709495618,27:0.00265235555556,28:0.001907,29:0.005539,30:82944,31:2.66584014805,32:0.317768009336,33:45.655,34:7.843,35:1.18150189276,36:0.808400082602,37:149.64,38:140.217
1,1:26,2:2000,3:2000,4:2000,6:214,7:-55,8:26,9:1.84287595989,11:0.00461077222222,12:0.001269,13:0.010775,14:13,15:20,16:-101,17:-14,18:9,19:-10,20:182.739,21:34.271,22:144.082,23:38.055,24:307,25:0.000291709495618,27:0.00265235555556,28:0.001907,29:0.005539,30:83968,31:2.68625126937,32:0.327874386981,33:45.655,34:7.843,35:1.18150189276,36:0.808400082602,37:149.64,38:140.217
0,1:22,2:2000,3:2000,4:2000,6:1518,7:-68,8:6,9:0.969978271279,11:0.00952333888889,12:0.000396,13:0.009735,14:13,15:20,16:-101,17:-14,18:9,19:-10,20:171.875,21:34.546,22:145.486,23:37.523,24:534,25:5.76014399101,26:0.02,27:0.00151135897436,29:0.005005,30:120832,31:0.572661313188,32:1.83820017403,33:60.608,34:23.072,35:1.1734664535,36:1.4922582426,37:351.24,38:126.303
0,1:22,2:2000,3:2000,4:2000,6:1518,7:-68,8:6,9:0.969978271279,11:0.00952333888889,12:0.000396,13:0.009735,14:13,15:20,16:-101,17:-14,18:9,19:-10,20:171.875,21:34.546,22:145.486,23:37.523,24:534,25:5.76014399101,26:0.02,27:0.00151135897436,29:0.005005,30:121856,31:0.572661313188,32:1.85784027126,33:60.608,34:23.072,35:1.1734664535,36:1.48598768554,37:351.24,38:126.303
0,1:22,2:2000,3:2000,4:2000,6:1518,7:-68,8:6,9:0.969978271279,11:0.00952333888889,12:0.000396,13:0.009735,14:13,15:20,16:-101,17:-14,18:9,19:-10,20:171.875,21:34.546,22:145.486,23:37.523,24:534,25:5.76014399101,26:0.02,27:0.00151135897436,29:0.005005,30:122880,31:0.537453450278,32:1.87724028312,33:60.608,34:23.072,35:1.1734664535,36:1.50232707735,37:351.24,38:126.303
0,1:22,2:2000,3:2000,4:2000,6:1518,7:-68,8:6,9:0.969978271279,11:0.00952333888889,12:0.000396,13:0.009735,14:13,15:20,16:-101,17:-14,18:9,19:-10,20:171.875,21:34.546,22:145.486,23:37.523,24:534,25:5.76014399101,26:0.02,27:0.00151135897436,29:0.005005,30:118784,31:0.583971114708,32:1.81864413614,33:60.608,34:23.072,35:1.16161905021,36:1.5470712533,37:351.24,38:126.303
0,1:22,2:2000,3:2000,4:2000,6:1518,7:-68,8:6,9:0.969978271279,11:0.00952333888889,12:0.000396,13:0.009735,14:13,15:20,16:-101,17:-14,18:9,19:-10,20:171.875,21:34.546,22:145.486,23:37.523,24:534,25:5.76014399101,26:0.02,27:0.00151135897436,29:0.005005,30:119808,31:0.580476481027,32:1.81864413614,33:60.608,34:23.072,35:1.16161905021,36:1.5470712533,37:351.24,38:126.303
1,1:26,2:2000,3:2000,4:2000,6:214,7:-55,8:26,9:1.84287595989,11:0.00461077222222,12:0.001269,13:0.010775,14:13,15:20,16:-101,17:-14,18:9,19:-10,20:182.739,21:34.271,22:144.082,23:38.055,24:307,25:0.000291709495618,27:0.00265235555556,28:0.001907,29:0.005539,30:80896,31:2.67576990343,32:0.317768009336,33:45.655,34:7.843,35:1.14332644969,36:0.808400082602,37:149.64,38:140.217
0,1:22,2:2000,3:2000,4:2000,6:1518,7:-68,8:6,9:0.969978271279,11:0.00952333888889,12:0.000396,13:0.009735,14:13,15:20,16:-101,17:-14,18:9,19:-10,20:171.875,21:34.546,22:145.486,23:37.523,24:534,25:5.76014399101,26:0.02,27:0.00151135897436,29:0.005005,30:115712,31:0.588090465197,32:1.7608428539,33:60.608,34:23.072,35:1.13563351312,36:1.49489059851,37:351.24,38:126.303
0,1:22,2:2000,3:2000,4:2000,6:1518,7:-68,8:6,9:0.969978271279,11:0.00952333888889,12:0.000396,13:0.009735,14:13,15:20,16:-101,17:-14,18:9,19:-10,20:171.875,21:34.546,22:145.486,23:37.523,24:534,25:5.76014399101,26:0.02,27:0.00151135897436,29:0.005005,30:116736,31:0.587156576809,32:1.78027825429,33:60.608,34:23.072,35:1.13563351312,36:1.51228415011,37:351.24,38:126.303
0,1:22,2:2000,3:2000,4:2000,6:1518,7:-68,8:6,9:0.969978271279,11:0.00952333888889,12:0.000396,13:0.009735,14:13,15:20,16:-101,17:-14,18:9,19:-10,20:171.875,21:34.546,22:145.486,23:37.523,24:534,25:5.76014399101,26:0.02,27:0.00151135897436,29:0.005005,30:117760,31:0.587156576809,32:1.79906320014,33:60.608,34:23.072,35:1.13563351312,36:1.52967770171,37:351.24,38:126.303
1,1:26,2:2000,3:2000,4:2000,6:214,7:-55,8:26,9:1.84287595989,11:0.00461077222222,12:0.001269,13:0.010775,14:13,15:20,16:-101,17:-14,18:9,19:-10,20:182.739,21:34.271,22:144.082,23:38.055,24:307,25:0.000291709495618,27:0.00265235555556,28:0.001907,29:0.005539,30:76800,31:2.65458136368,32:0.327820591174,33:45.655,34:7.843,35:1.12511440068,36:0.76197079374,37:149.64,38:140.217
1,1:26,2:2000,3:2000,4:2000,6:214,7:-55,8:26,9:1.84287595989,11:0.00461077222222,12:0.001269,13:0.010775,14:13,15:20,16:-101,17:-14,18:9,19:-10,20:182.739,21:34.271,22:144.082,23:38.055,24:307,25:0.000291709495618,27:0.00265235555556,28:0.001907,29:0.005539,30:77824,31:2.66900425073,32:0.327820591174,33:45.655,34:7.843,35:1.12511440068,36:0.76197079374,37:149.64,38:140.217
1,1:26,2:2000,3:2000,4:2000,6:214,7:-55,8:26,9:1.84287595989,11:0.00461077222222,12:0.001269,13:0.010775,14:13,15:20,16:-101,17:-14,18:9,19:-10,20:182.739,21:34.271,22:144.082,23:38.055,24:307,25:0.000291709495618,27:0.00265235555556,28:0.001907,29:0.005539,30:78848,31:2.66900425073,32:0.327820591174,33:45.655,34:7.843,35:1.12429486852,36:0.7696572215,37:149.64,38:140.217
1,1:26,2:2000,3:2000,4:2000,6:214,7:-55,8:26,9:1.84287595989,11:0.00461077222222,12:0.001269,13:0.010775,14:13,15:20,16:-101,17:-14,18:9,19:-10,20:182.739,21:34.271,22:144.082,23:38.055,24:307,25:0.000291709495618,27:0.00265235555556,28:0.001907,29:0.005539,30:79872,31:2.66900425073,32:0.326762840559,33:45.655,34:7.843,35:1.12429486852,36:0.7696572215,37:149.64,38:140.217
0,1:22,2:2000,3:2000,4:2000,6:1518,7:-68,8:6,9:0.969978271279,11:0.00952333888889,12:0.000396,13:0.009735,14:13,15:20,16:-101,17:-14,18:9,19:-10,20:171.875,21:34.546,22:145.486,23:37.523,24:534,25:5.76014399101,26:0.02,27:0.00151135897436,29:0.005005,30:112640,31:0.65212107339,32:1.72138384172,33:60.608,34:23.072,35:1.12318025267,36:1.48403959948,37:351.24,38:126.303
0,1:22,2:2000,3:2000,4:2000,6:1518,7:-68,8:6,9:0.969978271279,11:0.00952333888889,12:0.000396,13:0.009735,14:13,15:20,16:-101,17:-14,18:9,19:-10,20:171.875,21:34.546,22:145.486,23:37.523,24:534,25:5.76014399101,26:0.02,27:0.00151135897436,29:0.005005,30:113664,31:0.65212107339,32:1.74057156406,33:60.608,34:23.072,35:1.12318025267,36:1.47749704691,37:351.24,38:126.303
0,1:22,2:2000,3:2000,4:2000,6:1518,7:-68,8:6,9:0.969978271279,11:0.00952333888889,12:0.000396,13:0.009735,14:13,15:20,16:-101,17:-14,18:9,19:-10,20:171.875,21:34.546,22:145.486,23:37.523,24:534,25:5.76014399101,26:0.02,27:0.00151135897436,29:0.005005,30:114688,31:0.594825829098,32:1.7608428539,33:60.608,34:23.072,35:1.12318025267,36:1.49489059851,37:351.24,38:126.303
0,1:22,2:2000,3:2000,4:2000,6:1518,7:-68,8:6,9:0.969978271279,11:0.00952333888889,12:0.000396,13:0.009735,14:13,15:20,16:-101,17:-14,18:9,19:-10,20:171.875,21:34.546,22:145.486,23:37.523,24:534,25:5.76014399101,26:0.02,27:0.00151135897436,29:0.005005,30:110592,31:0.659086435821,32:1.70166802053,33:60.608,34:23.072,35:1.11041950468,36:1.46636090791,37:351.24,38:126.303
0,1:22,2:2000,3:2000,4:2000,6:1518,7:-68,8:6,9:0.969978271279,11:0.00952333888889,12:0.000396,13:0.009735,14:13,15:20,16:-101,17:-14,18:9,19:-10,20:171.875,21:34.546,22:145.486,23:37.523,24:534,25:5.76014399101,26:0.02,27:0.00151135897436,29:0.005005,30:111616,31:0.659086435821,32:1.70166802053,33:60.608,34:23.072,35:1.11041950468,36:1.46636090791,37:351.24,38:126.303
1,1:26,2:2000,3:2000,4:2000,6:214,7:-55,8:26,9:1.84287595989,11:0.00461077222222,12:0.001269,13:0.010775,14:13,15:20,16:-101,17:-14,18:9,19:-10,20:182.739,21:34.271,22:144.082,23:38.055,24:307,25:0.000291709495618,27:0.00265235555556,28:0.001907,29:0.005539,30:73728,31:2.66301791348,32:0.317223434414,33:45.655,34:7.843,35:1.08637153958,36:0.735512255001,37:149.64,38:140.217
1,1:26,2:2000,3:2000,4:2000,6:214,7:-55,8:26,9:1.84287595989,11:0.00461077222222,12:0.001269,13:0.010775,14:13,15:20,16:-101,17:-14,18:9,19:-10,20:182.739,21:34.271,22:144.082,23:38.055,24:307,25:0.000291709495618,27:0.00265235555556,28:0.001907,29:0.005539,30:74752,31:2.65458136368,32:0.317223434414,33:45.655,34:7.843,35:1.08637153958,36:0.735512255001,37:149.64,38:140.217
1,1:26,2:2000,3:2000,4:2000,6:214,7:-55,8:26,9:1.84287595989,11:0.00461077222222,12:0.001269,13:0.010775,14:13,15:20,16:-101,17:-14,18:9,19:-10,20:182.739,21:34.271,22:144.082,23:38.055,24:307,25:0.000291709495618,27:0.00265235555556,28:0.001907,29:0.005539,30:75776,31:2.65458136368,32:0.317223434414,33:45.655,34:7.843,35:1.08637153958,36:0.76197079374,37:149.64,38:140.217
0,1:22,2:2000,3:2000,4:2000,6:1518,7:-68,8:6,9:0.969978271279,11:0.00952333888889,12:0.000396,13:0.009735,14:13,15:20,16:-101,17:-14,18:9,19:-10,20:171.875,21:34.546,22:145.486,23:37.523,24:534,25:5.76014399101,26:0.02,27:0.00151135897436,29:0.005005,30:107520,31:0.650625271833,32:1.64236685926,33:60.608,34:23.072,35:1.08379235015,36:1.41332483322,37:351.24,38:126.303
0,1:22,2:2000,3:2000,4:2000,6:1518,7:-68,8:6,9:0.969978271279,11:0.00952333888889,12:0.000396,13:0.009735,14:13,15:20,16:-101,17:-14,18:9,19:-10,20:171.875,21:34.546,22:145.486,23:37.523,24:534,25:5.76014399101,26:0.02,27:0.00151135897436,29:0.005005,30:108544,31:0.650625271833,32:1.6621576782,33:60.608,34:23.072,35:1.08379235015,36:1.44868221635,37:351.24,38:126.303
0,1:22,2:2000,3:2000,4:2000,6:1518,7:-68,8:6,9:0.969978271279,11:0.00952333888889,12:0.000396,13:0.009735,14:13,15:20,16:-101,17:-14,18:9,19:-10,20:171.875,21:34.546,22:145.486,23:37.523,24:534,25:5.76014399101,26:0.02,27:0.00151135897436,29:0.005005,30:109568,31:0.650625271833,32:1.68192393564,33:60.608,34:23.072,35:1.08379235015,36:1.44868221635,37:351.24,38:126.303
0,1:22,2:2000,3:2000,4:2000,6:1518,7:-68,8:6,9:0.969978271279,11:0.00952333888889,12:0.000396,13:0.009735,14:13,15:20,16:-101,17:-14,18:9,19:-10,20:171.875,21:34.546,22:145.486,23:37.523,24:534,25:5.76014399101,26:0.02,27:0.00151135897436,29:0.005005,30:104448,31:0.644201592411,32:1.60261281423,33:60.608,34:23.072,35:1.0703797448,36:1.37796745009,37:351.24,38:126.303
0,1:22,2:2000,3:2000,4:2000,6:1518,7:-68,8:6,9:0.969978271279,11:0.00952333888889,12:0.000396,13:0.009735,14:13,15:20,16:-101,17:-14,18:9,19:-10,20:171.875,21:34.546,22:145.486,23:37.523,24:534,25:5.76014399101,26:0.02,27:0.00151135897436,29:0.005005,30:105472,31:0.644201592411,32:1.62245403743,33:60.608,34:23.072,35:1.0703797448,36:1.41332483322,37:351.24,38:126.303
0,1:22,2:2000,3:2000,4:2000,6:1518,7:-68,8:6,9:0.969978271279,11:0.00952333888889,12:0.000396,13:0.009735,14:13,15:20,16:-101,17:-14,18:9,19:-10,20:171.875,21:34.546,22:145.486,23:37.523,24:534,25:5.76014399101,26:0.02,27:0.00151135897436,29:0.005005,30:106496,31:0.644201592411,32:1.64236685926,33:60.608,34:23.072,35:1.0703797448,36:1.41332483322,37:351.24,38:126.303
1,1:26,2:2000,3:2000,4:2000,6:214,7:-55,8:26,9:1.84287595989,11:0.00461077222222,12:0.001269,13:0.010775,14:13,15:20,16:-101,17:-14,18:9,19:-10,20:182.739,21:34.271,22:144.082,23:38.055,24:307,25:0.000291709495618,27:0.00265235555556,28:0.001907,29:0.005539,30:70656,31:2.60803240452,32:0.298760896036,33:45.655,34:7.843,35:1.06667645611,36:0.709053716262,37:149.64,38:140.217
1,1:26,2:2000,3:2000,4:2000,6:214,7:-55,8:26,9:1.84287595989,11:0.00461077222222,12:0.001269,13:0.010775,14:13,15:20,16:-101,17:-14,18:9,19:-10,20:182.739,21:34.271,22:144.082,23:38.055,24:307,25:0.000291709495618,27:0.00265235555556,28:0.001907,29:0.005539,30:71680,31:2.60803240452,32:0.306388702886,33:45.655,34:7.843,35:1.06667645611,36:0.709053716262,37:149.64,38:140.217
1,1:26,2:2000,3:2000,4:2000,6:214,7:-55,8:26,9:1.84287595989,11:0.00461077222222,12:0.001269,13:0.010775,14:13,15:20,16:-101,17:-14,18:9,19:-10,20:182.739,21:34.271,22:144.082,23:38.055,24:307,25:0.000291709495618,27:0.00265235555556,28:0.001907,29:0.005539,30:72704,31:2.66301791348,32:0.306388702886,33:45.655,34:7.843,35:1.06667645611,36:0.735512255001,37:149.64,38:140.217
0,1:22,2:2000,3:2000,4:2000,6:1518,7:-68,8:6,9:0.969978271279,11:0.00952333888889,12:0.000396,13:0.009735,14:13,15:20,16:-101,17:-14,18:9,19:-10,20:171.875,21:34.546,22:145.486,23:37.523,24:534,25:5.76014399101,26:0.02,27:0.00151135897436,29:0.005005,30:102400,31:0.633156018422,32:1.58274325813,33:60.608,34:23.072,35:1.04341975123,36:1.36028875852,37:351.24,38:126.303
0,1:22,2:2000,3:2000,4:2000,6:1518,7:-68,8:6,9:0.969978271279,11:0.00952333888889,12:0.000396,13:0.009735,14:13,15:20,16:-101,17:-14,18:9,19:-10,20:171.875,21:34.546,22:145.486,23:37.523,24:534,25:5.76014399101,26:0.02,27:0.00151135897436,29:0.005005,30:103424,31:0.633156018422,32:1.58274325813,33:60.608,34:23.072,35:1.04341975123,36:1.36028875852,37:351.24,38:126.303
0,1:22,2:2000,3:2000,4:2000,6:1518,7:-68,8:6,9:0.969978271279,11:0.00952333888889,12:0.000396,13:0.009735,14:13,15:20,16:-101,17:-14,18:9,19:-10,20:171.875,21:34.546,22:145.486,23:37.523,24:534,25:5.76014399101,26:0.02,27:0.00151135897436,29:0.005005,30:99328,31:0.62131918137,32:1.52290054455,33:60.608,34:23.072,35:1.02932632134,36:1.32904021125,37:351.24,38:126.303
0,1:22,2:2000,3:2000,4:2000,6:1518,7:-68,8:6,9:0.969978271279,11:0.00952333888889,12:0.000396,13:0.009735,14:13,15:20,16:-101,17:-14,18:9,19:-10,20:171.875,21:34.546,22:145.486,23:37.523,24:534,25:5.76014399101,26:0.02,27:0.00151135897436,29:0.005005,30:100352,31:0.62131918137,32:1.5429341323,33:60.608,34:23.072,35:1.02932632134,36:1.36028875852,37:351.24,38:126.303
0,1:22,2:2000,3:2000,4:2000,6:1518,7:-68,8:6,9:0.969978271279,11:0.00952333888889,12:0.000396,13:0.009735,14:13,15:20,16:-101,17:-14,18:9,19:-10,20:171.875,21:34.546,22:145.486,23:37.523,24:534,25:5.76014399101,26:0.02,27:0.00151135897436,29:0.005005,30:101376,31:0.62131918137,32:1.56285183002,33:60.608,34:23.072,35:1.02932632134,36:1.36028875852,37:351.24,38:126.303
1,1:26,2:2000,3:2000,4:2000,6:214,7:-55,8:26,9:1.84287595989,11:0.00461077222222,12:0.001269,13:0.010775,14:13,15:20,16:-101,17:-14,18:9,19:-10,20:182.739,21:34.271,22:144.082,23:38.055,24:307,25:0.000291709495618,27:0.00265235555556,28:0.001907,29:0.005539,30:68608,31:2.56305694668,32:0.301151067867,33:45.655,34:7.843,35:1.02722917997,36:0.691022271038,37:149.64,38:140.217
1,1:26,2:2000,3:2000,4:2000,6:214,7:-55,8:26,9:1.84287595989,11:0.00461077222222,12:0.001269,13:0.010775,14:13,15:20,16:-101,17:-14,18:9,19:-10,20:182.739,21:34.271,22:144.082,23:38.055,24:307,25:0.000291709495618,27:0.00265235555556,28:0.001907,29:0.005539,30:69632,31:2.60803240452,32:0.298760896036,33:45.655,34:7.843,35:1.02722917997,36:0.691022271038,37:149.64,38:140.217
1,1:26,2:2000,3:2000,4:2000,6:214,7:-55,8:26,9:1.84287595989,11:0.00461077222222,12:0.001269,13:0.010775,14:13,15:20,16:-101,17:-14,18:9,19:-10,20:182.739,21:34.271,22:144.082,23:38.055,24:307,25:0.000291709495618,27:0.00265235555556,28:0.001907,29:0.005539,30:65536,31:2.51165375423,32:0.289417829874,33:45.655,34:7.843,35:1.00607414515,36:0.66423708396,37:149.64,38:140.217
1,1:26,2:2000,3:2000,4:2000,6:214,7:-55,8:26,9:1.84287595989,11:0.00461077222222,12:0.001269,13:0.010775,14:13,15:20,16:-101,17:-14,18:9,19:-10,20:182.739,21:34.271,22:144.082,23:38.055,24:307,25:0.000291709495618,27:0.00265235555556,28:0.001907,29:0.005539,30:66560,31:2.56305694668,32:0.289417829874,33:45.655,34:7.843,35:1.00607414515,36:0.66423708396,37:149.64,38:140.217
1,1:26,2:2000,3:2000,4:2000,6:214,7:-55,8:26,9:1.84287595989,11:0.00461077222222,12:0.001269,13:0.010775,14:13,15:20,16:-101,17:-14,18:9,19:-10,20:182.739,21:34.271,22:144.082,23:38.055,24:307,25:0.000291709495618,27:0.00265235555556,28:0.001907,29:0.005539,30:67584,31:2.56305694668,32:0.301151067867,33:45.655,34:7.843,35:1.00607414515,36:0.691022271038,37:149.64,38:140.217
0,1:22,2:2000,3:2000,4:2000,6:1518,7:-68,8:6,9:0.969978271279,11:0.00952333888889,12:0.000396,13:0.009735,14:13,15:20,16:-101,17:-14,18:9,19:-10,20:171.875,21:34.546,22:145.486,23:37.523,24:534,25:5.76014399101,26:0.02,27:0.00151135897436,29:0.005005,30:96256,31:0.615978811892,32:1.48354484035,33:60.608,34:23.072,35:1.00202506243,36:1.29309353887,37:351.24,38:126.303
0,1:22,2:2000,3:2000,4:2000,6:1518,7:-68,8:6,9:0.969978271279,11:0.00952333888889,12:0.000396,13:0.009735,14:13,15:20,16:-101,17:-14,18:9,19:-10,20:171.875,21:34.546,22:145.486,23:37.523,24:534,25:5.76014399101,26:0.02,27:0.00151135897436,29:0.005005,30:97280,31:0.615978811892,32:1.5044245465,33:60.608,34:23.072,35:1.00202506243,36:1.31106687506,37:351.24,38:126.303
0,1:22,2:2000,3:2000,4:2000,6:1518,7:-68,8:6,9:0.969978271279,11:0.00952333888889,12:0.000396,13:0.009735,14:13,15:20,16:-101,17:-14,18:9,19:-10,20:171.875,21:34.546,22:145.486,23:37.523,24:534,25:5.76014399101,26:0.02,27:0.00151135897436,29:0.005005,30:98304,31:0.615978811892,32:1.52290054455,33:60.608,34:23.072,35:1.00202506243,36:1.31106687506,37:351.24,38:126.303
1,1:26,2:2000,3:2000,4:2000,6:214,7:-55,8:26,9:1.84287595989,11:0.00461077222222,12:0.001269,13:0.010775,14:13,15:20,16:-101,17:-14,18:9,19:-10,20:182.739,21:34.271,22:144.082,23:38.055,24:307,25:0.000291709495618,27:0.00265235555556,28:0.001907,29:0.005539,30:63488,31:2.49249870413,32:0.277921778541,33:45.655,34:7.843,35:0.984120807841,36:0.64542003847,37:149.64,38:140.217
1,1:26,2:2000,3:2000,4:2000,6:214,7:-55,8:26,9:1.84287595989,11:0.00461077222222,12:0.001269,13:0.010775,14:13,15:20,16:-101,17:-14,18:9,19:-10,20:182.739,21:34.271,22:144.082,23:38.055,24:307,25:0.000291709495618,27:0.00265235555556,28:0.001907,29:0.005539,30:64512,31:2.51165375423,32:0.289417829874,33:45.655,34:7.843,35:0.984120807841,36:0.64542003847,37:149.64,38:140.217
0,1:22,2:2000,3:2000,4:2000,6:1518,7:-68,8:6,9:0.969978271279,11:0.00952333888889,12:0.000396,13:0.009735,14:13,15:20,16:-101,17:-14,18:9,19:-10,20:171.875,21:34.546,22:145.486,23:37.523,24:534,25:5.76014399101,26:0.02,27:0.00151135897436,29:0.005005,30:94208,31:0.599091285352,32:1.69867261361,33:60.608,34:23.072,35:0.974723803532,36:1.25714686648,37:351.24,38:126.303
0,1:22,2:2000,3:2000,4:2000,6:1518,7:-68,8:6,9:0.969978271279,11:0.00952333888889,12:0.000396,13:0.009735,14:13,15:20,16:-101,17:-14,18:9,19:-10,20:171.875,21:34.546,22:145.486,23:37.523,24:534,25:5.76014399101,26:0.02,27:0.00151135897436,29:0.005005,30:95232,31:0.615978811892,32:1.69867261361,33:60.608,34:23.072,35:0.974723803532,36:1.29309353887,37:351.24,38:126.303
1,1:26,2:2000,3:2000,4:2000,6:214,7:-55,8:26,9:1.84287595989,11:0.00461077222222,12:0.001269,13:0.010775,14:13,15:20,16:-101,17:-14,18:9,19:-10,20:182.739,21:34.271,22:144.082,23:38.055,24:307,25:0.000291709495618,27:0.00265235555556,28:0.001907,29:0.005539,30:60416,31:2.45504812749,32:0.267184576349,33:45.655,34:7.843,35:0.961323112184,36:0.618300036854,37:149.64,38:140.217
1,1:26,2:2000,3:2000,4:2000,6:214,7:-55,8:26,9:1.84287595989,11:0.00461077222222,12:0.001269,13:0.010775,14:13,15:20,16:-101,17:-14,18:9,19:-10,20:182.739,21:34.271,22:144.082,23:38.055,24:307,25:0.000291709495618,27:0.00265235555556,28:0.001907,29:0.005539,30:61440,31:2.49249870413,32:0.277921778541,33:45.655,34:7.843,35:0.961323112184,36:0.618300036854,37:149.64,38:140.217
1,1:26,2:2000,3:2000,4:2000,6:214,7:-55,8:26,9:1.84287595989,11:0.00461077222222,12:0.001269,13:0.010775,14:13,15:20,16:-101,17:-14,18:9,19:-10,20:182.739,21:34.271,22:144.082,23:38.055,24:307,25:0.000291709495618,27:0.00265235555556,28:0.001907,29:0.005539,30:62464,31:2.49249870413,32:0.277921778541,33:45.655,34:7.843,35:0.961323112184,36:0.64542003847,37:149.64,38:140.217
0,1:22,2:2000,3:2000,4:2000,6:1518,7:-68,8:6,9:0.969978271279,11:0.00952333888889,12:0.000396,13:0.009735,14:13,15:20,16:-101,17:-14,18:9,19:-10,20:171.875,21:34.546,22:145.486,23:37.523,24:534,25:5.76014399101,26:0.02,27:0.00151135897436,29:0.005005,30:91136,31:0.583437952357,32:1.63248339746,33:60.608,34:23.072,35:0.959569265966,36:1.25714686648,37:351.24,38:126.303
0,1:22,2:2000,3:2000,4:2000,6:1518,7:-68,8:6,9:0.969978271279,11:0.00952333888889,12:0.000396,13:0.009735,14:13,15:20,16:-101,17:-14,18:9,19:-10,20:171.875,21:34.546,22:145.486,23:37.523,24:534,25:5.76014399101,26:0.02,27:0.00151135897436,29:0.005005,30:92160,31:0.599091285352,32:1.65232109207,33:60.608,34:23.072,35:0.959569265966,36:1.25714686648,37:351.24,38:126.303
0,1:22,2:2000,3:2000,4:2000,6:1518,7:-68,8:6,9:0.969978271279,11:0.00952333888889,12:0.000396,13:0.009735,14:13,15:20,16:-101,17:-14,18:9,19:-10,20:171.875,21:34.546,22:145.486,23:37.523,24:534,25:5.76014399101,26:0.02,27:0.00151135897436,29:0.005005,30:93184,31:0.599091285352,32:1.67568332025,33:60.608,34:23.072,35:0.959569265966,36:1.25714686648,37:351.24,38:126.303
0,1:22,2:2000,3:2000,4:2000,6:1518,7:-68,8:6,9:0.969978271279,11:0.00952333888889,12:0.000396,13:0.009735,14:13,15:20,16:-101,17:-14,18:9,19:-10,20:171.875,21:34.546,22:145.486,23:37.523,24:534,25:5.76014399101,26:0.02,27:0.00151135897436,29:0.005005,30:89088,31:0.575324484911,32:1.6824962642,33:60.608,34:23.072,35:0.9319179829,36:1.20322685791,37:351.24,38:126.303
0,1:22,2:2000,3:2000,4:2000,6:1518,7:-68,8:6,9:0.969978271279,11:0.00952333888889,12:0.000396,13:0.009735,14:13,15:20,16:-101,17:-14,18:9,19:-10,20:171.875,21:34.546,22:145.486,23:37.523,24:534,25:5.76014399101,26:0.02,27:0.00151135897436,29:0.005005,30:90112,31:0.583437952357,32:1.63248339746,33:60.608,34:23.072,35:0.9319179829,36:1.20322685791,37:351.24,38:126.303
1,1:26,2:2000,3:2000,4:2000,6:214,7:-55,8:26,9:1.84287595989,11:0.00461077222222,12:0.001269,13:0.010775,14:13,15:20,16:-101,17:-14,18:9,19:-10,20:182.739,21:34.271,22:144.082,23:38.055,24:307,25:0.000291709495618,27:0.00265235555556,28:0.001907,29:0.005539,30:57344,31:2.42900465772,32:0.255929037487,33:45.655,34:7.843,35:0.919600033731,36:0.591180035237,37:149.64,38:140.217
1,1:26,2:2000,3:2000,4:2000,6:214,7:-55,8:26,9:1.84287595989,11:0.00461077222222,12:0.001269,13:0.010775,14:13,15:20,16:-101,17:-14,18:9,19:-10,20:182.739,21:34.271,22:144.082,23:38.055,24:307,25:0.000291709495618,27:0.00265235555556,28:0.001907,29:0.005539,30:58368,31:2.45504812749,32:0.255929037487,33:45.655,34:7.843,35:0.919600033731,36:0.591180035237,37:149.64,38:140.217
1,1:26,2:2000,3:2000,4:2000,6:214,7:-55,8:26,9:1.84287595989,11:0.00461077222222,12:0.001269,13:0.010775,14:13,15:20,16:-101,17:-14,18:9,19:-10,20:182.739,21:34.271,22:144.082,23:38.055,24:307,25:0.000291709495618,27:0.00265235555556,28:0.001907,29:0.005539,30:59392,31:2.45504812749,32:0.261686737417,33:45.655,34:7.843,35:0.919600033731,36:0.618300036854,37:149.64,38:140.217
1,1:26,2:2000,3:2000,4:2000,6:214,7:-55,8:26,9:1.84287595989,11:0.00461077222222,12:0.001269,13:0.010775,14:13,15:20,16:-101,17:-14,18:9,19:-10,20:182.739,21:34.271,22:144.082,23:38.055,24:307,25:0.000291709495618,27:0.00265235555556,28:0.001907,29:0.005539,30:55296,31:2.40779485327,32:0.250197665731,33:45.655,34:7.843,35:0.895090212816,36:0.571200027582,37:149.64,38:140.217
1,1:26,2:2000,3:2000,4:2000,6:214,7:-55,8:26,9:1.84287595989,11:0.00461077222222,12:0.001269,13:0.010775,14:13,15:20,16:-101,17:-14,18:9,19:-10,20:182.739,21:34.271,22:144.082,23:38.055,24:307,25:0.000291709495618,27:0.00265235555556,28:0.001907,29:0.005539,30:56320,31:2.42900465772,32:0.250197665731,33:45.655,34:7.843,35:0.895090212816,36:0.571200027582,37:149.64,38:140.217
1,1:26,2:2000,3:2000,4:2000,6:214,7:-55,8:26,9:1.84287595989,11:0.00461077222222,12:0.001269,13:0.010775,14:13,15:20,16:-101,17:-14,18:9,19:-10,20:182.739,21:34.271,22:144.082,23:38.055,24:307,25:0.000291709495618,27:0.00265235555556,28:0.001907,29:0.005539,30:52224,31:2.39625151901,32:0.247601453503,33:45.655,34:7.843,35:0.85254903555,36:0.543736735116,37:149.64,38:140.217
1,1:26,2:2000,3:2000,4:2000,6:214,7:-55,8:26,9:1.84287595989,11:0.00461077222222,12:0.001269,13:0.010775,14:13,15:20,16:-101,17:-14,18:9,19:-10,20:182.739,21:34.271,22:144.082,23:38.055,24:307,25:0.000291709495618,27:0.00265235555556,28:0.001907,29:0.005539,30:53248,31:2.40779485327,32:0.2539675668,33:45.655,34:7.843,35:0.85254903555,36:0.543736735116,37:149.64,38:140.217
1,1:26,2:2000,3:2000,4:2000,6:214,7:-55,8:26,9:1.84287595989,11:0.00461077222222,12:0.001269,13:0.010775,14:13,15:20,16:-101,17:-14,18:9,19:-10,20:182.739,21:34.271,22:144.082,23:38.055,24:307,25:0.000291709495618,27:0.00265235555556,28:0.001907,29:0.005539,30:54272,31:2.40779485327,32:0.2539675668,33:45.655,34:7.843,35:0.85254903555,36:0.571200027582,37:149.64,38:140.217
1,1:26,2:2000,3:2000,4:2000,6:214,7:-55,8:26,9:1.84287595989,11:0.00461077222222,12:0.001269,13:0.010775,14:13,15:20,16:-101,17:-14,18:9,19:-10,20:182.739,21:34.271,22:144.082,23:38.055,24:307,25:0.000291709495618,27:0.00265235555556,28:0.001907,29:0.005539,30:51200,31:2.39625151901,32:0.24172308242,33:45.655,34:7.843,35:0.843069371347,36:0.543736735116,37:149.64,38:140.217
1,1:26,2:2000,3:2000,4:2000,6:214,7:-55,8:26,9:1.84287595989,11:0.00461077222222,12:0.001269,13:0.010775,14:13,15:20,16:-101,17:-14,18:9,19:-10,20:182.739,21:34.271,22:144.082,23:38.055,24:307,25:0.000291709495618,27:0.00265235555556,28:0.001907,29:0.005539,30:49152,31:2.36146542174,32:0.235570830008,33:45.655,34:7.843,35:0.820930596267,36:0.516273442651,37:149.64,38:140.217
1,1:26,2:2000,3:2000,4:2000,6:214,7:-55,8:26,9:1.84287595989,11:0.00461077222222,12:0.001269,13:0.010775,14:13,15:20,16:-101,17:-14,18:9,19:-10,20:182.739,21:34.271,22:144.082,23:38.055,24:307,25:0.000291709495618,27:0.00265235555556,28:0.001907,29:0.005539,30:50176,31:2.39625151901,32:0.235570830008,33:45.655,34:7.843,35:0.820930596267,36:0.516273442651,37:149.64,38:140.217
1,1:26,2:2000,3:2000,4:2000,6:214,7:-55,8:26,9:1.84287595989,11:0.00461077222222,12:0.001269,13:0.010775,14:13,15:20,16:-101,17:-14,18:9,19:-10,20:182.739,21:34.271,22:144.082,23:38.055,24:307,25:0.000291709495618,27:0.00265235555556,28:0.001907,29:0.005539,30:48128,31:2.36146542174,32:0.231576261931,33:45.655,34:7.843,35:0.798791821188,36:0.495076941236,37:149.64,38:140.217
1,1:26,2:2000,3:2000,4:2000,6:214,7:-55,8:26,9:1.84287595989,11:0.00461077222222,12:0.001269,13:0.010775,14:13,15:20,16:-101,17:-14,18:9,19:-10,20:182.739,21:34.271,22:144.082,23:38.055,24:307,25:0.000291709495618,27:0.00265235555556,28:0.001907,29:0.005539,30:47104,31:2.33650917582,32:0.225334932402,33:45.655,34:7.843,35:0.776653046109,36:0.495076941236,37:149.64,38:140.217
1,1:26,2:2000,3:2000,4:2000,6:214,7:-55,8:26,9:1.84287595989,11:0.00461077222222,12:0.001269,13:0.010775,14:13,15:20,16:-101,17:-14,18:9,19:-10,20:182.739,21:34.271,22:144.082,23:38.055,24:307,25:0.000291709495618,27:0.00265235555556,28:0.001907,29:0.005539,30:45056,31:2.33650917582,32:0.219049839607,33:45.655,34:7.843,35:0.770233302727,36:0.467261555601,37:149.64,38:140.217
1,1:26,2:2000,3:2000,4:2000,6:214,7:-55,8:26,9:1.84287595989,11:0.00461077222222,12:0.001269,13:0.010775,14:13,15:20,16:-101,17:-14,18:9,19:-10,20:182.739,21:34.271,22:144.082,23:38.055,24:307,25:0.000291709495618,27:0.00265235555556,28:0.001907,29:0.005539,30:46080,31:2.33650917582,32:0.219049839607,33:45.655,34:7.843,35:0.770233302727,36:0.495076941236,37:149.64,38:140.217
1,1:26,2:2000,3:2000,4:2000,6:214,7:-55,8:26,9:1.84287595989,11:0.00461077222222,12:0.001269,13:0.010775,14:13,15:20,16:-101,17:-14,18:9,19:-10,20:182.739,21:34.271,22:144.082,23:38.055,24:307,25:0.000291709495618,27:0.00265235555556,28:0.001907,29:0.005539,30:43008,31:2.25634076169,32:0.206554411732,33:45.655,34:7.843,35:0.763540379053,36:0.453353862783,37:149.64,38:140.217
1,1:26,2:2000,3:2000,4:2000,6:214,7:-55,8:26,9:1.84287595989,11:0.00461077222222,12:0.001269,13:0.010775,14:13,15:20,16:-101,17:-14,18:9,19:-10,20:182.739,21:34.271,22:144.082,23:38.055,24:307,25:0.000291709495618,27:0.00265235555556,28:0.001907,29:0.005539,30:44032,31:2.28648576864,32:0.212856877188,33:45.655,34:7.843,35:0.763540379053,36:0.453353862783,37:149.64,38:140.217
1,1:26,2:2000,3:2000,4:2000,6:214,7:-55,8:26,9:1.84287595989,11:0.00461077222222,12:0.001269,13:0.010775,14:13,15:20,16:-101,17:-14,18:9,19:-10,20:182.739,21:34.271,22:144.082,23:38.055,24:307,25:0.000291709495618,27:0.00265235555556,28:0.001907,29:0.005539,30:39936,31:2.23561296254,32:0.196085472141,33:45.655,34:7.843,35:0.717378679735,36:0.416976633705,37:149.64,38:140.217
1,1:26,2:2000,3:2000,4:2000,6:214,7:-55,8:26,9:1.84287595989,11:0.00461077222222,12:0.001269,13:0.010775,14:13,15:20,16:-101,17:-14,18:9,19:-10,20:182.739,21:34.271,22:144.082,23:38.055,24:307,25:0.000291709495618,27:0.00265235555556,28:0.001907,29:0.005539,30:40960,31:2.2279073803,32:0.202564118391,33:45.655,34:7.843,35:0.717378679735,36:0.425538477147,37:149.64,38:140.217
1,1:26,2:2000,3:2000,4:2000,6:214,7:-55,8:26,9:1.84287595989,11:0.00461077222222,12:0.001269,13:0.010775,14:13,15:20,16:-101,17:-14,18:9,19:-10,20:182.739,21:34.271,22:144.082,23:38.055,24:307,25:0.000291709495618,27:0.00265235555556,28:0.001907,29:0.005539,30:41984,31:2.25634076169,32:0.202564118391,33:45.655,34:7.843,35:0.717378679735,36:0.439446169965,37:149.64,38:140.217
1,1:26,2:2000,3:2000,4:2000,6:214,7:-55,8:26,9:1.84287595989,11:0.00461077222222,12:0.001269,13:0.010775,14:13,15:20,16:-101,17:-14,18:9,19:-10,20:182.739,21:34.271,22:144.082,23:38.055,24:307,25:0.000291709495618,27:0.00265235555556,28:0.001907,29:0.005539,30:36864,31:2.18723142235,32:0.190681310519,33:45.655,34:7.843,35:0.685808638779,36:0.388800009631,37:149.64,38:140.217
1,1:26,2:2000,3:2000,4:2000,6:214,7:-55,8:26,9:1.84287595989,11:0.00461077222222,12:0.001269,13:0.010775,14:13,15:20,16:-101,17:-14,18:9,19:-10,20:182.739,21:34.271,22:144.082,23:38.055,24:307,25:0.000291709495618,27:0.00265235555556,28:0.001907,29:0.005539,30:37888,31:2.23561296254,32:0.190681310519,33:45.655,34:7.843,35:0.685808638779,36:0.402888321668,37:149.64,38:140.217
1,1:26,2:2000,3:2000,4:2000,6:214,7:-55,8:26,9:1.84287595989,11:0.00461077222222,12:0.001269,13:0.010775,14:13,15:20,16:-101,17:-14,18:9,19:-10,20:182.739,21:34.271,22:144.082,23:38.055,24:307,25:0.000291709495618,27:0.00265235555556,28:0.001907,29:0.005539,30:38912,31:2.23561296254,32:0.190681310519,33:45.655,34:7.843,35:0.685808638779,36:0.416976633705,37:149.64,38:140.217
1,1:26,2:2000,3:2000,4:2000,6:214,7:-55,8:26,9:1.84287595989,11:0.00461077222222,12:0.001269,13:0.010775,14:13,15:20,16:-101,17:-14,18:9,19:-10,20:182.739,21:34.271,22:144.082,23:38.055,24:307,25:0.000291709495618,27:0.00265235555556,28:0.001907,29:0.005539,30:34816,31:2.09871924302,32:0.190681310519,33:45.655,34:7.843,35:0.652835486379,36:0.374794814479,37:149.64,38:140.217
1,1:26,2:2000,3:2000,4:2000,6:214,7:-55,8:26,9:1.84287595989,11:0.00461077222222,12:0.001269,13:0.010775,14:13,15:20,16:-101,17:-14,18:9,19:-10,20:182.739,21:34.271,22:144.082,23:38.055,24:307,25:0.000291709495618,27:0.00265235555556,28:0.001907,29:0.005539,30:35840,31:2.18723142235,32:0.190681310519,33:45.655,34:7.843,35:0.652835486379,36:0.374794814479,37:149.64,38:140.217
1,1:26,2:2000,3:2000,4:2000,6:214,7:-55,8:26,9:1.84287595989,11:0.00461077222222,12:0.001269,13:0.010775,14:13,15:20,16:-101,17:-14,18:9,19:-10,20:182.739,21:34.271,22:144.082,23:38.055,24:307,25:0.000291709495618,27:0.00265235555556,28:0.001907,29:0.005539,30:31744,31:2.07611772896,32:0.190681310519,33:45.655,34:7.843,35:0.618363555948,36:0.332779229022,37:149.64,38:140.217
1,1:26,2:2000,3:2000,4:2000,6:214,7:-55,8:26,9:1.84287595989,11:0.00461077222222,12:0.001269,13:0.010775,14:13,15:20,16:-101,17:-14,18:9,19:-10,20:182.739,21:34.271,22:144.082,23:38.055,24:307,25:0.000291709495618,27:0.00265235555556,28:0.001907,29:0.005539,30:32768,31:2.07611772896,32:0.190681310519,33:45.655,34:7.843,35:0.618363555948,36:0.346784424175,37:149.64,38:140.217
1,1:26,2:2000,3:2000,4:2000,6:214,7:-55,8:26,9:1.84287595989,11:0.00461077222222,12:0.001269,13:0.010775,14:13,15:20,16:-101,17:-14,18:9,19:-10,20:182.739,21:34.271,22:144.082,23:38.055,24:307,25:0.000291709495618,27:0.00265235555556,28:0.001907,29:0.005539,30:33792,31:2.07611772896,32:0.190681310519,33:45.655,34:7.843,35:0.618363555948,36:0.360789619327,37:149.64,38:140.217
1,1:26,2:2000,3:2000,4:2000,6:214,7:-55,8:26,9:1.84287595989,11:0.00461077222222,12:0.001269,13:0.010775,14:13,15:20,16:-101,17:-14,18:9,19:-10,20:182.739,21:34.271,22:144.082,23:38.055,24:307,25:0.000291709495618,27:0.00265235555556,28:0.001907,29:0.005539,30:28672,31:1.90554922702,32:0.190681310519,33:45.655,34:7.843,35:0.582288281693,36:0.32593342831,37:149.64,38:140.217
1,1:26,2:2000,3:2000,4:2000,6:214,7:-55,8:26,9:1.84287595989,11:0.00461077222222,12:0.001269,13:0.010775,14:13,15:20,16:-101,17:-14,18:9,19:-10,20:182.739,21:34.271,22:144.082,23:38.055,24:307,25:0.000291709495618,27:0.00265235555556,28:0.001907,29:0.005539,30:29696,31:2.00602330677,32:0.190681310519,33:45.655,34:7.843,35:0.582288281693,36:0.336241087105,37:149.64,38:140.217
1,1:26,2:2000,3:2000,4:2000,6:214,7:-55,8:26,9:1.84287595989,11:0.00461077222222,12:0.001269,13:0.010775,14:13,15:20,16:-101,17:-14,18:9,19:-10,20:182.739,21:34.271,22:144.082,23:38.055,24:307,25:0.000291709495618,27:0.00265235555556,28:0.001907,29:0.005539,30:30720,31:2.00602330677,32:0.190681310519,33:45.655,34:7.843,35:0.582288281693,36:0.332779229022,37:149.64,38:140.217
1,1:26,2:2000,3:2000,4:2000,6:214,7:-55,8:26,9:1.84287595989,11:0.00461077222222,12:0.001269,13:0.010775,14:13,15:20,16:-101,17:-14,18:9,19:-10,20:182.739,21:34.271,22:144.082,23:38.055,24:307,25:0.000291709495618,27:0.00265235555556,28:0.001907,29:0.005539,30:27648,31:1.90554922702,32:0.137662525989,33:45.655,34:7.843,35:0.531832475573,36:0.310955646168,37:149.64,38:140.217
1,1:26,2:2000,3:2000,4:2000,6:214,7:-55,8:26,9:1.84287595989,11:0.00461077222222,12:0.001269,13:0.010775,14:13,15:20,16:-101,17:-14,18:9,19:-10,20:182.739,21:34.271,22:144.082,23:38.055,24:307,25:0.000291709495618,27:0.00265235555556,28:0.001907,29:0.005539,30:26624,31:1.90554922702,32:0.189524789299,33:45.655,34:7.843,35:0.518247524907,36:0.295977864026,37:149.64,38:140.217
1,1:26,2:2000,3:2000,4:2000,6:214,7:-55,8:26,9:1.84287595989,11:0.00461077222222,12:0.001269,13:0.010775,14:13,15:20,16:-101,17:-14,18:9,19:-10,20:182.739,21:34.271,22:144.082,23:38.055,24:307,25:0.000291709495618,27:0.00265235555556,28:0.001907,29:0.005539,30:24576,31:1.84678904334,32:0.179951605122,33:45.655,34:7.843,35:0.503999894491,36:0.281000081884,37:149.64,38:140.217
1,1:26,2:2000,3:2000,4:2000,6:214,7:-55,8:26,9:1.84287595989,11:0.00461077222222,12:0.001269,13:0.010775,14:13,15:20,16:-101,17:-14,18:9,19:-10,20:182.739,21:34.271,22:144.082,23:38.055,24:307,25:0.000291709495618,27:0.00265235555556,28:0.001907,29:0.005539,30:25600,31:1.84678904334,32:0.179951605122,33:45.655,34:7.843,35:0.503999894491,36:0.295977864026,37:149.64,38:140.217
1,1:26,2:2000,3:2000,4:2000,6:214,7:-55,8:26,9:1.84287595989,11:0.00461077222222,12:0.001269,13:0.010775,14:13,15:20,16:-101,17:-14,18:9,19:-10,20:182.739,21:34.271,22:144.082,23:38.055,24:307,25:0.000291709495618,27:0.00265235555556,28:0.001907,29:0.005539,30:23552,31:1.84678904334,32:0.170892437301,33:45.655,34:7.843,35:0.477112095242,36:0.269769090179,37:149.64,38:140.217
1,1:26,2:2000,3:2000,4:2000,6:214,7:-55,8:26,9:1.84287595989,11:0.00461077222222,12:0.001269,13:0.010775,14:13,15:20,16:-101,17:-14,18:9,19:-10,20:182.739,21:34.271,22:144.082,23:38.055,24:307,25:0.000291709495618,27:0.00265235555556,28:0.001907,29:0.005539,30:22528,31:1.73126392998,32:0.161511568954,33:45.655,34:7.843,35:0.461479889975,36:0.2545803535,37:149.64,38:140.217
1,1:26,2:2000,3:2000,4:2000,6:214,7:-55,8:26,9:1.84287595989,11:0.00461077222222,12:0.001269,13:0.010775,14:13,15:20,16:-101,17:-14,18:9,19:-10,20:182.739,21:34.271,22:144.082,23:38.055,24:307,25:0.000291709495618,27:0.00265235555556,28:0.001907,29:0.005539,30:20480,31:1.61092825682,32:0.238260732306,33:45.655,34:7.843,35:0.445046034135,36:0.239391616822,37:149.64,38:140.217
1,1:26,2:2000,3:2000,4:2000,6:214,7:-55,8:26,9:1.84287595989,11:0.00461077222222,12:0.001269,13:0.010775,14:13,15:20,16:-101,17:-14,18:9,19:-10,20:182.739,21:34.271,22:144.082,23:38.055,24:307,25:0.000291709495618,27:0.00265235555556,28:0.001907,29:0.005539,30:21504,31:1.73126392998,32:0.238260732306,33:45.655,34:7.843,35:0.445046034135,36:0.2545803535,37:149.64,38:140.217
1,1:26,2:2000,3:2000,4:2000,6:214,7:-55,8:26,9:1.84287595989,11:0.00461077222222,12:0.001269,13:0.010775,14:13,15:20,16:-101,17:-14,18:9,19:-10,20:182.739,21:34.271,22:144.082,23:38.055,24:307,25:0.000291709495618,27:0.00265235555556,28:0.001907,29:0.005539,30:19456,31:1.61092825682,32:0.225739282313,33:45.655,34:7.843,35:0.427747239601,36:0.224202880143,37:149.64,38:140.217
1,1:26,2:2000,3:2000,4:2000,6:214,7:-55,8:26,9:1.84287595989,11:0.00461077222222,12:0.001269,13:0.010775,14:13,15:20,16:-101,17:-14,18:9,19:-10,20:182.739,21:34.271,22:144.082,23:38.055,24:307,25:0.000291709495618,27:0.00265235555556,28:0.001907,29:0.005539,30:18432,31:1.53645201492,32:0.210955724301,33:45.655,34:7.843,35:0.398736722022,36:0.209014143464,37:149.64,38:140.217
1,1:26,2:2000,3:2000,4:2000,6:214,7:-55,8:26,9:1.84287595989,11:0.00461077222222,12:0.001269,13:0.010775,14:13,15:20,16:-101,17:-14,18:9,19:-10,20:182.739,21:34.271,22:144.082,23:38.055,24:307,25:0.000291709495618,27:0.00265235555556,28:0.001907,29:0.005539,30:12288,31:1.29863511917,32:0.210955724301,33:45.655,34:7.843,35:0.383028610566,36:0.191374562046,37:149.64,38:140.217
1,1:26,2:2000,3:2000,4:2000,6:214,7:-55,8:26,9:1.84287595989,11:0.00461077222222,12:0.001269,13:0.010775,14:13,15:20,16:-101,17:-14,18:9,19:-10,20:182.739,21:34.271,22:144.082,23:38.055,24:307,25:0.000291709495618,27:0.00265235555556,28:0.001907,29:0.005539,30:13312,31:1.38767557223,32:0.210955724301,33:45.655,34:7.843,35:0.383028610566,36:0.200068991835,37:149.64,38:140.217
1,1:26,2:2000,3:2000,4:2000,6:214,7:-55,8:26,9:1.84287595989,11:0.00461077222222,12:0.001269,13:0.010775,14:13,15:20,16:-101,17:-14,18:9,19:-10,20:182.739,21:34.271,22:144.082,23:38.055,24:307,25:0.000291709495618,27:0.00265235555556,28:0.001907,29:0.005539,30:16384,31:1.3980090808,32:0.210955724301,33:45.655,34:7.843,35:0.369726204443,36:0.237255203623,37:149.64,38:140.217
1,1:26,2:2000,3:2000,4:2000,6:214,7:-55,8:26,9:1.84287595989,11:0.00461077222222,12:0.001269,13:0.010775,14:13,15:20,16:-101,17:-14,18:9,19:-10,20:182.739,21:34.271,22:144.082,23:38.055,24:307,25:0.000291709495618,27:0.00265235555556,28:0.001907,29:0.005539,30:9216,31:1.12563275414,32:0.210955724301,33:45.655,34:7.843,35:0.274725945333,36:0.178059653954,37:149.64,38:140.217
1,1:26,2:2000,3:2000,4:2000,6:214,7:-55,8:26,9:1.84287595989,11:0.00461077222222,12:0.001269,13:0.010775,14:13,15:20,16:-101,17:-14,18:9,19:-10,20:182.739,21:34.271,22:144.082,23:38.055,24:307,25:0.000291709495618,27:0.00265235555556,28:0.001907,29:0.005539,30:7168,31:0.996703748088,32:0.210955724301,33:45.655,34:7.843,35:0.233866683188,36:0.135043537055,37:149.64,38:140.217
1,1:26,2:2000,3:2000,4:2000,6:214,7:-55,8:26,9:1.84287595989,11:0.00461077222222,12:0.001269,13:0.010775,14:13,15:20,16:-101,17:-14,18:9,19:-10,20:182.739,21:34.271,22:144.082,23:38.055,24:307,25:0.000291709495618,27:0.00265235555556,28:0.001907,29:0.005539,30:6144,31:0.86621441574,32:0.210955724301,33:45.655,34:7.843,35:0.193037050674,36:0.111600048588,37:149.64,38:140.217
1,1:26,2:2000,3:2000,4:2000,6:214,7:-55,8:26,9:1.84287595989,11:0.00461077222222,12:0.001269,13:0.010775,14:13,15:20,16:-101,17:-14,18:9,19:-10,20:182.739,21:34.271,22:144.082,23:38.055,24:307,25:0.000291709495618,27:0.00265235555556,28:0.001907,29:0.005539,30:4096,31:0.707378690581,32:0.210955724301,33:45.655,34:7.843,35:0.186799975707,36:0.0881565601201,37:149.64,38:140.217
1,1:26,2:2000,3:2000,4:2000,6:214,7:-55,8:26,9:1.84287595989,11:0.00461077222222,12:0.001269,13:0.010775,14:13,15:20,16:-101,17:-14,18:9,19:-10,20:182.739,21:34.271,22:144.082,23:38.055,24:307,25:0.000291709495618,27:0.00265235555556,28:0.001907,29:0.005539,30:5120,31:0.707378690581,32:0.210955724301,33:45.655,34:7.843,35:0.186799975707,36:0.111600048588,37:149.64,38:140.217
1,1:26,2:2000,3:2000,4:2000,6:214,7:-55,8:26,9:1.84287595989,11:0.00461077222222,12:0.001269,13:0.010775,14:13,15:20,16:-101,17:-14,18:9,19:-10,20:182.739,21:34.271,22:144.082,23:38.055,24:307,25:0.000291709495618,27:0.00265235555556,28:0.001907,29:0.005539,30:3072,31:0.553972635402,32:0.210955724301,33:45.655,34:7.843,35:0.136690891315,36:0.0647130716526,37:149.64,38:140.217
1,1:26,2:2000,3:2000,4:2000,6:214,7:-55,8:26,9:1.84287595989,11:0.00461077222222,12:0.001269,13:0.010775,14:13,15:20,16:-101,17:-14,18:9,19:-10,20:182.739,21:34.271,22:144.082,23:38.055,24:307,25:0.000291709495618,27:0.00265235555556,28:0.001907,29:0.005539,30:2048,31:0.368497277269,32:0.271645711208,33:45.655,34:7.843,35:0.090704745428,36:0.0412695831851,37:149.64,38:140.217
0,1:22,2:2000,3:2000,4:2000,6:1518,7:-68,8:6,9:0.969978271279,11:0.00952333888889,12:0.000396,13:0.009735,14:13,15:20,16:-101,17:-14,18:9,19:-10,20:171.875,21:34.546,22:145.486,23:37.523,24:534,25:5.76014399101,26:0.02,27:0.00151135897436,29:0.005005,30:177152,31:0.691273533959,32:1.11678541171,33:60.608,34:23.072,35:1.56373900076,36:1.92283240765,37:351.24,38:126.303
0,1:22,2:2000,3:2000,4:2000,6:1518,7:-68,8:6,9:0.969978271279,11:0.00952333888889,12:0.000396,13:0.009735,14:13,15:20,16:-101,17:-14,18:9,19:-10,20:171.875,21:34.546,22:145.486,23:37.523,24:534,25:5.76014399101,26:0.02,27:0.00151135897436,29:0.005005,30:178176,31:0.691273533959,32:1.12358645995,33:60.608,34:23.072,35:1.56373900076,36:1.95197835322,37:351.24,38:126.303
0,1:22,2:2000,3:2000,4:2000,6:1518,7:-68,8:6,9:0.969978271279,11:0.00952333888889,12:0.000396,13:0.009735,14:13,15:20,16:-101,17:-14,18:9,19:-10,20:171.875,21:34.546,22:145.486,23:37.523,24:534,25:5.76014399101,26:0.02,27:0.00151135897436,29:0.005005,30:179200,31:0.691273533959,32:1.13196205415,33:60.608,34:23.072,35:1.56373900076,36:1.95197835322,37:351.24,38:126.303
0,1:22,2:2000,3:2000,4:2000,6:1518,7:-68,8:6,9:0.969978271279,11:0.00952333888889,12:0.000396,13:0.009735,14:13,15:20,16:-101,17:-14,18:9,19:-10,20:171.875,21:34.546,22:145.486,23:37.523,24:534,25:5.76014399101,26:0.02,27:0.00151135897436,29:0.005005,30:175104,31:0.691273533959,32:1.10892381383,33:60.608,34:23.072,35:1.55722183115,36:1.9196273471,37:351.24,38:126.303
0,1:22,2:2000,3:2000,4:2000,6:1518,7:-68,8:6,9:0.969978271279,11:0.00952333888889,12:0.000396,13:0.009735,14:13,15:20,16:-101,17:-14,18:9,19:-10,20:171.875,21:34.546,22:145.486,23:37.523,24:534,25:5.76014399101,26:0.02,27:0.00151135897436,29:0.005005,30:176128,31:0.691273533959,32:1.10892381383,33:60.608,34:23.072,35:1.55722183115,36:1.92283240765,37:351.24,38:126.303
0,1:22,2:2000,3:2000,4:2000,6:1518,7:-68,8:6,9:0.969978271279,11:0.00952333888889,12:0.000396,13:0.009735,14:13,15:20,16:-101,17:-14,18:9,19:-10,20:171.875,21:34.546,22:145.486,23:37.523,24:534,25:5.76014399101,26:0.02,27:0.00151135897436,29:0.005005,30:172032,31:0.691273533959,32:1.0923013143,33:60.608,34:23.072,35:1.53352073448,36:1.8900821424,37:351.24,38:126.303
